,speaker,vowel,stress,pre_word,word,fol_word,F1,F2,F3,B1,B2,B3,t,beg,end,dur,plt_vclass,plt_manner,plt_place,plt_voice,plt_preseg,plt_folseq,style,glide,pre_seg,fol_seg,context,vowel_index,pre_word_trans,word_trans,fol_word_trans,F1@20%,F2@20%,F1@35%,F2@35%,F1@50%,F2@50%,F1@65%,F2@65%,F1@80%,F2@80%,nFormants,F1norm,F2norm,intensifier,valence,arousal
0,BAK_Bianchi_Pat,OW,1,SP,TOTALLY,DIFFERENT,518.5,1439.2,2705.7,189.9,229.3,2050.0,4144.86,4144.839,4144.96,0.121,ow,stop,apical,voiceless,oral_apical,two_fol_syl,,,T,T,internal,2,SP,T OW1 T AH0 L IY0,D IH1 F R AH0 N T,486.2,1505.8,576.5,1363.0,558.2,1314.0,496.8,1260.1,430.1,1209.0,5,-0.468256379,-0.920685992,Y,0.612,0.394
1,BAK_Boel_Vanessa,OW,1,IT'S,TOTALLY,DIVERSE,531.0,1272.2,2646.7,283.6,820.9,173.3,4808.737,4808.724,4808.884,0.16,ow,stop,apical,voiceless,oral_apical,two_fol_syl,,,T,T,internal,2,IH1 T S,T OW1 T AH0 L IY0,D AY0 V ER1 S,567.8,1209.0,580.6,962.7,506.8,808.3,454.7,820.2,464.0,996.8,6,-0.590862398,-1.056364935,Y,0.562,0.519
2,BAK_Boel_Vanessa,OW,1,JUST,TOTALLY,CLOUDY,462.8,1199.4,2473.8,383.4,539.2,554.4,5122.853,5122.844,5122.933,0.089,ow,stop,apical,voiceless,oral_apical,two_fol_syl,,,T,T,internal,2,JH AH0 S T,T OW1 T AH0 L IY0,K L AW1 D IY0,462.8,1199.4,376.1,689.2,442.9,690.1,474.5,887.0,478.9,997.8,6,-1.026098736,-1.208386386,Y,0.281,0.28
3,BAK_Boel_Vanessa,OW,1,TWO,TOTALLY,DIFFERENT,583.1,1150.4,2111.6,499.7,575.9,619.0,5549.88,5549.873,5550.033,0.16,ow,stop,apical,voiceless,oral_apical,two_fol_syl,,,T,T,internal,2,T UW1,T OW1 T AH0 L IY0,D IH1 F R AH0 N T,500.3,986.5,480.2,811.6,438.1,753.9,439.8,810.6,446.7,988.5,6,-0.258372468,-1.310708516,Y,0.612,0.394
4,BAK_Carbajal_Suzanne,OW,1,THAT,TOTALLY,DOES,507.0,1133.4,2283.6,440.7,362.8,1091.7,1114.0,1113.992,1114.042,0.05,ow,stop,apical,voiceless,oral_apical,two_fol_syl,,,T,T,internal,2,DH AH0 T,T OW1 T AH0 L IY0,D AH1 Z,507.0,1133.4,507.0,1133.4,507.5,1112.2,485.9,1100.1,485.9,1100.1,6,-0.649139877,-1.446407106,Y,0.67,0.548
5,BAK_Carbajal_Suzanne,OW,1,AND,TOTALLY,SO,675.0,1353.2,2491.6,339.9,492.1,1475.6,1625.093,1625.066,1625.276,0.21,ow,stop,apical,voiceless,oral_apical,two_fol_syl,,,T,T,internal,2,AH0 N D,T OW1 T AH0 L IY0,S OW1,675.0,1353.2,588.8,1140.3,493.5,1122.7,482.5,1065.7,478.7,1069.1,6,0.569072679,-0.909067054,N,,
6,BAK_Confid_002,OW,1,SAY,TOTALLY,SP,645.5,1293.7,1617.7,173.9,181.7,1047.8,2895.932,2895.924,2896.083,0.159,ow,stop,apical,voiceless,oral_apical,two_fol_syl,,,T,T,internal,2,S EY1,T OW1 T AH0 L IY0,SP,632.4,1247.2,552.2,1025.3,496.5,916.3,474.1,931.8,477.3,1102.3,6,0.450205631,-1.000714374,N,,
7,BAK_Confid_002,OW,1,LIKE,TOTALLY,I,566.5,1301.3,2490.2,212.5,168.3,469.6,2904.69,2904.668,2904.829,0.161,ow,stop,apical,voiceless,oral_apical,two_fol_syl,,,T,T,internal,2,L AY1 K,T OW1 T AH0 L IY0,AY1,561.1,1352.0,578.0,1121.9,535.8,971.5,496.2,981.6,480.1,1185.0,5,-0.175342358,-0.976469578,N,,
8,BAK_Confid_002,OW,1,I,TOTALLY,WANT,519.1,1178.6,2171.9,58.9,134.8,46.3,3119.382,3119.362,3119.442,0.08,ow,stop,apical,voiceless,oral_apical,two_fol_syl,,,T,T,internal,2,AY1,T OW1 T AH0 L IY0,W AA1 N T,519.0,1236.6,519.1,1178.6,538.7,1153.0,542.5,1275.2,525.0,1333.6,4,-0.550671152,-1.367895417,Y,0.671,0.642
9,BAK_Confid_002,OW,1,OH,TOTALLY,YEAH,735.1,1350.9,2440.9,90.2,185.5,364.0,3361.189,3361.176,3361.337,0.161,ow,stop,apical,voiceless,oral_apical,two_fol_syl,,,T,T,internal,2,OW1,T OW1 T AH0 L IY0,Y AE1,748.8,1345.5,728.6,1272.7,578.1,1283.9,538.0,1270.3,502.3,1383.8,6,1.159687907,-0.818240389,Y,,
10,BAK_Confid_002,OW,1,I,TOTALLY,DO,514.4,1365.2,2094.9,83.8,111.6,139.5,3738.176,3738.161,3738.221,0.06,ow,stop,apical,voiceless,oral_apical,two_fol_syl,,,T,T,internal,2,AY1,T OW1 T AH0 L IY0,D UW1,512.2,1377.7,512.9,1373.2,526.0,1332.3,511.7,1273.5,505.7,1265.2,6,-0.587887298,-0.772621892,Y,0.67,0.548
11,BAK_Confid_002,OW,1,I'M,TOTALLY,FINE,657.1,1747.8,2333.5,78.8,101.0,493.2,4422.427,4422.407,4422.486,0.079,ow,stop,apical,voiceless,oral_apical,two_fol_syl,,,T,T,internal,2,AY1 M,T OW1 T AH0 L IY0,F AY1 N,607.0,1786.0,663.6,1741.3,719.0,1686.6,736.8,1592.4,774.7,1552.2,5,0.542058247,0.447912139,Y,0.823,0.24
12,BAK_Confid_002,OW,1,HAS,TOTALLY,SCREWED,603.0,1207.6,2251.7,141.8,208.3,499.7,5024.787,5024.78,5024.849,0.069,ow,stop,apical,voiceless,oral_apical,two_fol_syl,,,T,T,internal,2,HH AH0 Z,T OW1 T AH0 L IY0,S K R UW1 D,603.0,1207.6,586.8,1144.4,550.4,1068.5,559.6,1057.4,559.8,1062.8,6,0.113676649,-1.275382382,Y,0.385,0.46
13,BAK_Confid_002,OW,1,SP,TOTALLY,I,750.9,1334.7,2397.6,238.5,289.1,603.7,5027.218,5027.211,5027.351,0.14,ow,stop,apical,voiceless,oral_apical,two_fol_syl,,,T,T,internal,2,SP,T OW1 T AH0 L IY0,AY1,742.9,1323.0,569.5,1056.0,543.0,1004.1,495.8,1060.5,603.2,1145.6,6,1.284797505,-0.869920084,N,,
14,BAK_Confid_005,OW,1,LIKE,TOTALLY,PLAYED,559.5,1106.3,2498.5,328.6,242.2,263.7,1319.08,1319.064,1319.224,0.16,ow,stop,apical,voiceless,oral_apical,two_fol_syl,,,T,T,internal,2,L AY1 K,T OW1 T AH0 L IY0,P L EY1 D,555.5,1094.5,546.2,978.7,532.6,961.4,536.3,1115.2,521.7,1392.1,6,0.093049949,-1.381223351,Y,0.812,0.765
15,BAK_Confid_012,OW,1,IT'S,TOTALLY,HIS,613.6,1284.6,2954.1,245.5,229.9,549.3,2404.589,2404.572,2404.652,0.08,ow,stop,apical,voiceless,oral_apical,two_fol_syl,,,T,T,internal,2,AH0 T S,T OW1 T AH0 L IY0,HH AH0 Z,642.5,1327.3,607.2,1263.3,561.8,1188.4,563.3,1178.8,575.3,1199.1,5,-0.440890394,-1.386016173,Y,,
16,BAK_Confid_012,OW,1,SP,TOTALLY,LIKE,596.9,1033.4,2160.6,163.6,82.3,1023.5,2840.999,2840.98,2841.13,0.15,ow,stop,apical,voiceless,oral_apical,two_fol_syl,,,T,T,internal,2,SP,T OW1 T AH0 L IY0,L AY1 K,593.7,1046.2,617.6,975.4,580.3,956.4,610.1,1006.7,591.3,1141.0,6,-0.533895476,-2.023704999,N,0.719,0.353
17,BAK_Confid_012,OW,1,COULD,TOTALLY,SEE,646.4,983.5,2419.3,296.5,426.7,1274.6,2937.182,2937.169,2937.288,0.119,ow,stop,apical,voiceless,oral_apical,two_fol_syl,,,T,T,internal,2,K UH1 D,T OW1 T AH0 L IY0,S IY1,646.4,983.5,490.1,769.4,414.2,686.4,433.6,737.7,438.5,851.3,6,-0.258221729,-2.15037965,Y,0.635,0.269
18,BAK_Cruz_Aurora,OW,1,SP,TOTALLY,LOST,576.1,1139.5,2633.9,179.0,170.2,520.7,3049.596,3049.56,3049.669,0.109,ow,stop,apical,voiceless,oral_apical,two_fol_syl,,,T,T,internal,2,SP,T OW1 T AH0 L IY0,L AO1 S T,638.2,1138.8,581.6,1123.7,553.5,1170.9,538.0,1183.5,469.1,1199.3,5,-0.33793439,-1.492081953,Y,0.115,0.538
19,BAK_Cruz_Aurora,OW,1,SP,TOTALLY,LIVE,668.2,1316.9,2457.3,187.0,192.6,328.2,3604.541,3604.516,3604.646,0.13,ow,stop,apical,voiceless,oral_apical,two_fol_syl,,,T,T,internal,2,SP,T OW1 T AH0 L IY0,L IH1 V,763.2,1508.7,597.1,1145.1,556.9,1051.4,505.3,1036.6,417.5,1190.1,6,0.247948717,-1.054258348,Y,0.88,0.673
20,BAK_Davis_Joyce,OW,1,WERE,TOTALLY,DIFFERENT,654.9,1258.1,2429.1,179.2,473.2,750.9,196.031,196.018,196.089,0.071,ow,stop,apical,voiceless,oral_apical,two_fol_syl,,,T,T,internal,2,W ER0,T OW1 T AH0 L IY0,D IH1 F ER0 AH0 N T,656.4,1249.6,654.0,1278.4,655.6,1231.0,616.0,1141.7,604.1,1118.1,5,0.089169617,-1.40334054,Y,0.612,0.394
21,BAK_Davis_Joyce,OW,1,JUST,TOTALLY,DIFFERENT,630.2,1442.6,3155.2,137.9,219.4,1427.9,544.223,544.216,544.276,0.06,ow,stop,apical,voiceless,oral_apical,two_fol_syl,,,T,T,internal,2,JH AH0 S T,T OW1 T AH0 L IY0,D IH1 F R AH0 N T,630.2,1442.6,630.7,1433.2,595.3,1234.5,565.9,1095.5,565.0,1089.0,5,-0.092246464,-0.973916811,Y,0.612,0.394
22,BAK_Davis_Joyce,OW,1,SP,TOTALLY,DIFFERENT,631.1,1418.9,2595.3,110.1,225.4,588.8,811.697,811.69,811.75,0.06,ow,stop,apical,voiceless,oral_apical,two_fol_syl,,,T,T,internal,2,SP,T OW1 T AH0 L IY0,D IH1 F R AH0 N T,631.1,1418.9,629.3,1404.3,592.3,1193.6,563.5,1065.3,561.4,1058.4,5,-0.085636162,-1.029078558,Y,0.612,0.394
23,BAK_Davis_Joyce,OW,1,IS,TOTALLY,DIFFERENT,623.6,1610.0,2742.7,149.0,173.2,1447.4,1085.948,1085.933,1086.003,0.07,ow,stop,apical,voiceless,oral_apical,two_fol_syl,,,T,T,internal,2,AH0 Z,T OW1 T AH0 L IY0,D IH1 F ER0 AH0 N T,621.2,1627.6,625.1,1596.4,639.9,1414.6,611.3,1252.0,597.7,1217.9,5,-0.140722016,-0.58429333,Y,0.612,0.394
24,BAK_Davis_Joyce,OW,1,IT'S,TOTALLY,DIFFERENT,745.7,1561.2,3043.2,417.3,320.0,503.4,1088.191,1088.184,1088.234,0.05,ow,stop,apical,voiceless,oral_apical,two_fol_syl,,,T,T,internal,2,AH0 T S,T OW1 T AH0 L IY0,D IH1 F ER0 AH0 N T,745.7,1561.2,745.7,1561.2,688.6,1409.3,642.2,1284.5,642.2,1284.5,5,0.756075695,-0.697875324,Y,0.612,0.394
25,BAK_Davis_Joyce,OW,1,SP,TOTALLY,BREAK,569.1,1415.9,2557.2,203.1,394.9,1257.7,1251.878,1251.871,1251.991,0.12,ow,stop,apical,voiceless,oral_apical,two_fol_syl,,,T,T,internal,2,SP,T OW1 T AH0 L IY0,B R EY1 K,569.1,1415.9,539.3,1077.6,550.0,983.5,523.1,899.9,477.5,893.1,6,-0.541012558,-1.036061058,N,0.61,0.265
26,BAK_Davis_Joyce,OW,1,IT,TOTALLY,CHANGED,618.5,1416.4,2657.5,147.4,251.3,770.7,1302.888,1302.881,1302.981,0.1,ow,stop,apical,voiceless,oral_apical,two_fol_syl,,,T,T,internal,2,AH0 T,T OW1 T AH0 L IY0,CH EY1 N JH D,618.5,1416.4,579.9,1331.1,538.3,1147.1,507.1,1046.6,477.1,1003.7,5,-0.178180397,-1.034897308,Y,0.625,0.575
27,BAK_Davis_Joyce,OW,1,SP,TOTALLY,CLOSED,618.1,1389.4,2668.6,145.2,239.9,709.8,1470.646,1470.639,1470.718,0.079,ow,stop,apical,voiceless,oral_apical,two_fol_syl,,,T,T,internal,2,SP,T OW1 T AH0 L IY0,K L OW1 Z D,618.1,1389.4,611.4,1282.7,595.2,1125.7,532.1,1024.2,506.1,1004.5,6,-0.181118309,-1.097739805,N,0.292,0.26
28,BAK_Davis_Joyce,OW,1,IT,TOTALLY,CHANGED,677.0,1421.3,2657.9,217.3,353.3,870.8,1622.709,1622.699,1622.778,0.079,ow,stop,apical,voiceless,oral_apical,two_fol_syl,,,T,T,internal,2,IH1 T,T OW1 T AH0 L IY0,CH EY1 N JH D,677.0,1421.3,615.8,1266.7,567.9,1074.5,535.9,961.5,528.5,928.6,6,0.251489268,-1.023492559,Y,0.625,0.575
29,BAK_Fowler_Mike,OW,1,SHOULD,TOTALLY,COME,538.4,1098.6,2215.8,293.4,234.5,862.9,1849.517,1849.504,1849.615,0.111,ow,stop,apical,voiceless,oral_apical,two_fol_syl,,,T,T,internal,2,SH UH1 D,T OW1 T AH0 L IY0,K AH1 M,545.8,1114.0,514.9,966.3,468.2,917.9,423.4,861.1,408.4,884.9,6,0.170464077,-1.085806937,Y,0.529,0.269
30,BAK_Fowler_Mike,OW,1,YOU,TOTALLY,DID,608.6,959.5,2562.5,431.0,281.2,228.0,4488.969,4488.955,4489.064,0.109,ow,stop,apical,voiceless,oral_apical,two_fol_syl,,,T,T,internal,2,Y UW1,T OW1 T AH0 L IY0,D IH1 D,636.2,989.3,478.7,838.3,454.9,739.4,447.4,711.0,386.4,720.7,6,0.800264685,-1.46963856,Y,0.67,0.548
31,BAK_Galloway_Diane,OW,1,SP,TOTALLY,ACCEPTED,691.3,1103.1,2728.3,140.5,166.6,1460.5,2375.333,2375.326,2375.426,0.1,ow,stop,apical,voiceless,oral_apical,two_fol_syl,,,T,T,internal,2,SP,T OW1 T AH0 L IY0,AE0 K S EH1 P T AH0 D,691.3,1103.1,682.3,1073.7,686.9,1077.5,655.7,925.3,649.9,825.1,5,0.242502888,-1.625278087,Y,0.847,0.286
32,BAK_Galloway_Diane,OW,1,HE'S,TOTALLY,ACCEPTED,694.3,1498.7,2858.2,178.0,335.8,311.4,2420.912,2420.897,2420.998,0.101,ow,stop,apical,voiceless,oral_apical,two_fol_syl,,,T,T,internal,2,HH IY1 Z,T OW1 T AH0 L IY0,AH0 K S EH1 P T AH0 D,668.4,1520.9,738.5,1450.5,738.0,1446.6,714.0,1425.0,691.3,1411.5,5,0.260736901,-0.811659073,Y,0.847,0.286
33,BAK_Gutierrez_Eleazar,OW,1,WE'RE,TOTALLY,DIFFERENT,498.2,896.4,2082.2,211.2,283.7,1074.5,730.331,730.317,730.377,0.06,ow,stop,apical,voiceless,oral_apical,two_fol_syl,,,T,T,internal,2,W ER1,T OW1 T AH0 L IY0,D IH1 F R AH0 N T,516.3,928.9,507.6,913.1,475.3,807.5,494.0,856.8,494.5,861.3,6,-0.702029475,-1.809196484,Y,0.612,0.394
34,BAK_Gutierrez_Eleazar,OW,1,ARE,TOTALLY,HISPANIC,536.9,1043.4,2115.1,199.3,195.3,964.9,1958.917,1958.901,1959.011,0.11,ow,stop,apical,voiceless,oral_apical,two_fol_syl,,,T,T,internal,2,ER0,T OW1 T AH0 L IY0,HH AH0 S P AE1 N IH0 K,543.7,1085.1,540.9,965.5,516.0,895.1,495.0,890.2,487.3,925.4,5,-0.412548907,-1.451858532,Y,,
35,BAK_Gutierrez_Eleazar,OW,1,SP,TOTALLY,DIFFERENT,528.2,955.0,2731.9,258.8,177.6,873.5,2092.547,2092.533,2092.624,0.091,ow,stop,apical,voiceless,oral_apical,two_fol_syl,,,T,T,internal,2,SP,T OW1 T AH0 L IY0,D IH1 F R AH0 N T,553.2,982.2,485.4,873.5,488.3,902.7,462.0,928.0,449.3,927.0,5,-0.477625934,-1.666747477,Y,0.612,0.394
36,BAK_Gutierrez_Eleazar,OW,1,LIKE,TOTALLY,DIFFERENT,448.6,900.0,1420.4,183.6,204.5,1189.6,2098.088,2098.073,2098.134,0.061,ow,stop,apical,voiceless,oral_apical,two_fol_syl,,,T,T,internal,2,L AY1 K,T OW1 T AH0 L IY0,D IH1 F R AH0 N T,460.7,914.6,451.2,904.3,489.1,863.0,475.4,822.4,474.2,824.1,6,-1.073043328,-1.80044535,Y,0.612,0.394
37,BAK_Gutierrez_Eleazar,OW,1,BE,TOTALLY,DIFFERENT,523.1,1077.2,2267.6,195.5,143.3,992.7,2689.952,2689.939,2689.989,0.05,ow,stop,apical,voiceless,oral_apical,two_fol_syl,,,T,T,internal,2,B IY1,T OW1 T AH0 L IY0,D IH1 F R AH0 N T,522.9,1085.1,522.9,1085.1,548.2,1024.4,562.3,1048.1,562.3,1048.1,5,-0.515774536,-1.369695112,Y,0.612,0.394
38,BAK_Gutierrez_Eleazar,OW,1,BE,TOTALLY,DIFFERENT,582.5,918.5,2733.0,148.9,136.8,180.3,2692.112,2692.089,2692.268,0.179,ow,stop,apical,voiceless,oral_apical,two_fol_syl,,,T,T,internal,2,B IY1,T OW1 T AH0 L IY0,D IH1 F R AH0 N T,591.0,930.1,510.0,856.8,484.6,801.4,519.3,957.3,538.6,1103.8,6,-0.071455525,-1.755474247,Y,0.612,0.394
39,BAK_Gutierrez_Eleazar,OW,1,WILL,TOTALLY,SAY,552.0,800.9,2620.6,277.6,331.9,1212.6,2699.239,2699.218,2699.358,0.14,ow,stop,apical,voiceless,oral_apical,two_fol_syl,,,T,T,internal,2,W IH1 L,T OW1 T AH0 L IY0,S EY1,595.8,883.8,526.0,834.5,507.7,776.7,505.0,801.1,512.3,881.8,5,-0.299599125,-2.041344609,Y,0.571,0.31
40,BAK_Gutierrez_Eleazar,OW,1,SOMETHING,TOTALLY,DIFFERENT,516.7,1017.4,2656.9,119.2,237.6,416.7,2802.015,2801.998,2802.068,0.07,ow,stop,apical,voiceless,oral_apical,two_fol_syl,,,T,T,internal,2,S AH1 M TH IH0 NG,T OW1 T AH0 L IY0,D IH1 F R AH0 N T,503.5,1061.3,516.7,1017.4,537.9,975.1,533.8,935.9,528.9,925.6,5,-0.563647291,-1.515061163,Y,0.612,0.394
41,BAK_Hannigan_Sara,OW,1,IT'S,TOTALLY,ACCEPTABLE,520.7,933.4,2974.1,265.5,119.7,668.9,534.855,534.84,534.951,0.111,ow,stop,apical,voiceless,oral_apical,two_fol_syl,,,T,T,internal,2,IH1 T S,T OW1 T AH0 L IY0,AH0 K S EH1 P T AH0 B AH0 L,567.8,940.2,464.9,899.8,464.4,871.4,472.2,919.8,485.1,960.7,5,-0.952608811,-1.952955498,Y,0.812,0.286
42,BAK_Hannigan_Sara,OW,1,BE,TOTALLY,UNDERDEVELOPED,556.0,1062.8,2605.3,204.2,274.0,591.2,2229.954,2229.932,2230.071,0.139,ow,stop,apical,voiceless,oral_apical,two_fol_syl,,,T,T,internal,2,B IY1,T OW1 T AH0 L IY0,AH2 N D ER0 D IH0 V EH1 L AH0 P T,608.3,1173.0,535.9,965.3,474.0,850.0,460.3,841.9,479.3,881.6,5,-0.691947112,-1.680553862,Y,,
43,BAK_Hannigan_Sara,OW,1,IT'S,TOTALLY,AWFUL,527.6,1208.4,2897.5,212.6,196.9,505.9,3556.429,3556.394,3556.494,0.1,ow,stop,apical,voiceless,oral_apical,two_fol_syl,,,T,T,internal,2,AH0 T S,T OW1 T AH0 L IY0,AA1 F AH0 L,681.2,1349.4,559.0,1253.1,539.6,1163.4,536.6,1114.1,534.6,1098.2,5,-0.90165794,-1.374049394,Y,0.061,0.786
44,BAK_Jauregui_Gabriela,OW,1,SP,TOTALLY,FORGOT,500.9,791.9,2932.4,102.3,79.3,555.8,1438.794,1438.787,1438.847,0.06,ow,stop,apical,voiceless,oral_apical,two_fol_syl,,,T,T,internal,2,SP,T OW1 T AH0 L IY0,F ER0 G AA1 T,500.9,791.9,500.3,791.8,493.5,810.5,495.4,841.6,495.4,841.6,6,-0.726689554,-1.929797419,Y,0.312,0.382
45,BAK_Juarez_Monica,OW,1,SP,TOTALLY,DIFFERENT,552.7,1199.2,2751.7,263.9,362.6,512.4,261.212,261.199,261.269,0.07,ow,stop,apical,voiceless,oral_apical,two_fol_syl,,,T,T,internal,2,SP,T OW1 T AH0 L IY0,D IH1 F ER0 AH0 N T,549.5,1214.6,580.8,1151.7,595.2,1132.2,569.2,1170.7,563.5,1185.7,5,-0.66930553,-1.48669687,Y,0.612,0.394
46,BAK_Juarez_Monica,OW,1,SP,TOTALLY,NOT,658.2,1245.3,,432.6,273.4,,1674.367,1674.345,1674.455,0.11,ow,stop,apical,voiceless,oral_apical,two_fol_syl,,,T,T,internal,2,SP,T OW1 T AH0 L IY0,N AA1 T,762.1,1588.6,680.3,878.8,716.6,762.4,657.6,880.9,680.4,1319.5,4,0.090745684,-1.371494184,Y,,
47,BAK_Kendrick_Karen,OW,1,SP,TOTALLY,SP,603.8,1256.7,2533.5,255.8,151.6,377.6,55.454,55.436,55.656,0.22,ow,stop,apical,voiceless,oral_apical,two_fol_syl,,,T,T,internal,2,SP,T OW1 T AH0 L IY0,SP,617.2,1202.9,561.6,1046.2,491.7,954.2,421.0,952.2,441.1,1242.0,6,0.144013898,-1.005851502,N,,
48,BAK_Kendrick_Karen,OW,1,WERE,TOTALLY,SP,504.8,1220.4,2658.5,114.7,149.9,576.9,177.382,177.327,177.458,0.131,ow,stop,apical,voiceless,oral_apical,two_fol_syl,,,T,T,internal,2,W ER0,T OW1 T AH0 L IY0,SP,549.1,1304.2,523.7,1248.6,534.8,1171.1,504.7,1122.0,466.3,1180.8,5,-0.588515906,-1.099876227,N,,
49,BAK_Kendrick_Karen,OW,1,IT'S,TOTALLY,DIFFERENT,618.1,1284.8,2630.0,168.6,178.4,203.9,582.911,582.896,582.996,0.1,ow,stop,apical,voiceless,oral_apical,two_fol_syl,,,T,T,internal,2,AH0 T S,T OW1 T AH0 L IY0,D IH1 F ER0 AH0 N T,626.1,1295.6,657.9,1263.3,641.6,1185.5,587.0,1103.3,559.5,1091.1,5,0.249823758,-0.933066522,Y,0.612,0.394
50,BAK_Kendrick_Karen,OW,1,SP,TOTALLY,DIFFERENT,467.9,861.7,2442.3,79.6,98.2,979.3,584.33,584.291,584.501,0.21,ow,stop,apical,voiceless,oral_apical,two_fol_syl,,,T,T,internal,2,SP,T OW1 T AH0 L IY0,D IH1 F R AH0 N T,477.0,888.7,436.7,843.3,412.3,807.1,411.7,812.1,412.9,952.7,6,-0.861549742,-2.028985562,Y,0.612,0.394
51,BAK_Moreno_Maria,OW,1,LIVING,TOTALLY,SP,583.3,1218.4,2535.3,223.7,325.9,432.8,3101.324,3101.312,3101.362,0.05,ow,stop,apical,voiceless,oral_apical,two_fol_syl,,,T,T,internal,2,L IH1 V IH0 NG,T OW1 T AH0 L IY0,SP,583.3,1218.4,583.3,1218.4,612.2,1218.2,602.7,1246.2,602.7,1246.2,6,-0.484340573,-1.514975639,N,,
52,BAK_Niesen_Artie,OW,1,SOUND,TOTALLY,DIFFERENT,557.4,1225.8,2395.4,204.0,233.3,342.9,1667.724,1667.707,1667.827,0.12,ow,stop,apical,voiceless,oral_apical,two_fol_syl,,,T,T,internal,2,S AW1 N D,T OW1 T AH0 L IY0,D IH1 F ER0 AH0 N T,602.0,1305.0,491.8,1014.7,461.8,860.2,412.3,894.8,361.7,955.4,6,0.400718132,-0.796100436,Y,0.612,0.394
53,BAK_Overstreet_Stephen,OW,1,SP,TOTALLY,DON'T,605.2,1398.0,2234.2,82.0,149.9,538.5,1104.047,1104.039,1104.109,0.07,ow,stop,apical,voiceless,oral_apical,two_fol_syl,,,T,T,internal,2,SP,T OW1 T AH0 L IY0,D OW1 N T,605.2,1398.0,602.2,1367.5,596.4,1220.2,585.4,1098.6,583.6,1078.2,5,0.034557416,-0.645851642,Y,,
54,BAK_Papion_Natalie,OW,1,OH,TOTALLY,SP,624.2,1029.9,2742.5,196.8,213.7,1134.9,1180.15,1180.128,1180.257,0.129,ow,stop,apical,voiceless,oral_apical,two_fol_syl,,,T,T,internal,2,OW1,T OW1 T AH0 L IY0,SP,721.0,1184.9,601.6,971.4,561.8,1001.4,584.5,1087.2,603.7,1084.2,5,-0.278480713,-1.996382973,Y,,
55,BAK_Papion_Natalie,OW,1,I'M,TOTALLY,JOKING,644.4,1308.4,2929.5,64.3,133.2,335.7,3287.436,3287.399,3287.55,0.151,ow,stop,apical,voiceless,oral_apical,two_fol_syl,,,T,T,internal,2,AY1 M,T OW1 T AH0 L IY0,JH OW1 K AH0 N,535.1,1718.9,634.1,1261.5,658.2,1225.9,648.4,1095.1,611.9,1134.8,5,-0.159838363,-1.331615722,Y,0.704,0.61
56,BAK_Papion_Natalie,OW,1,LIKE,TOTALLY,LIKE,783.0,1394.8,3088.4,287.3,469.5,310.8,3911.916,3911.904,3912.004,0.1,ow,stop,apical,voiceless,oral_apical,two_fol_syl,,,T,T,internal,2,L AY1 K,T OW1 T AH0 L IY0,L AY1 K,783.0,1394.8,728.6,1121.4,728.2,1054.9,665.8,1159.9,623.0,1112.9,5,0.654212611,-1.125382723,N,0.719,0.353
57,BAK_Papion_Natalie,OW,1,MEAN,TOTALLY,ULTRA,665.5,1072.8,2899.8,238.6,203.6,242.3,4109.356,4109.34,4109.53,0.19,ow,stop,apical,voiceless,oral_apical,two_fol_syl,,,T,T,internal,2,M IY1 N,T OW1 T AH0 L IY0,AH1 L T R AH0,638.7,1038.4,515.0,872.2,558.6,813.7,571.4,1034.5,546.0,1207.5,6,-0.035909968,-1.89398256,Y,,
58,BAK_Papion_Natalie,OW,1,KNOW,TOTALLY,SP,537.0,1030.6,2643.4,688.6,257.5,790.5,4172.686,4172.656,4172.795,0.139,ow,stop,apical,voiceless,oral_apical,two_fol_syl,,,T,T,internal,2,N OW1,T OW1 T AH0 L IY0,SP,359.8,1345.5,638.2,984.3,584.3,1026.5,607.8,1116.5,587.3,1265.6,5,-0.790639767,-1.994712104,N,,
59,BAK_Papion_Natalie,OW,1,THERE,TOTALLY,IS,513.4,976.2,2484.1,158.5,332.8,545.1,4997.017,4997.006,4997.116,0.11,ow,stop,apical,voiceless,oral_apical,two_fol_syl,,,T,T,internal,2,DH EH1 R,T OW1 T AH0 L IY0,IH1 Z,513.4,976.2,511.4,935.8,511.1,980.8,518.7,1011.4,531.5,1057.8,5,-0.929251621,-2.124562511,Y,0.67,0.24
60,BAK_Papion_Natalie,OW,1,I,TOTALLY,ENJOYED,864.6,2456.6,3015.5,191.6,203.2,660.2,6393.74,6393.733,6393.823,0.09,ow,stop,apical,voiceless,oral_apical,two_fol_syl,,,T,T,internal,2,AY1,T OW1 T AH0 L IY0,EH0 N JH OY1 D,864.6,2456.6,749.5,2000.2,588.8,2019.3,460.1,1467.1,453.4,1902.2,5,1.133480716,1.409087177,Y,0.959,0.725
61,BAK_Parsons_Jane,OW,1,BE,TOTALLY,WRONG,677.0,1413.9,2589.0,212.4,253.1,412.1,1688.924,1688.917,1688.997,0.08,ow,stop,apical,voiceless,oral_apical,two_fol_syl,,,T,T,internal,2,B IY0,T OW1 T AH0 L IY0,R AO1 NG,677.0,1413.9,647.3,1328.6,618.0,1254.5,573.7,1154.9,558.2,1158.8,6,0.10845357,-0.922853684,Y,0.042,0.582
62,BAK_Perdue_Katie,OW,1,SP,TOTALLY,I'VE,589.7,1054.2,2925.0,207.9,195.8,668.3,2744.592,2744.566,2744.945,0.379,ow,stop,apical,voiceless,oral_apical,two_fol_syl,,,T,T,internal,2,SP,T OW1 T AH0 L IY0,AY1 V,566.9,1013.7,500.2,949.8,466.0,924.1,433.6,934.6,428.3,937.1,5,-0.449548138,-1.675062438,N,,
63,BAK_PetersonMarquez_Dustin,OW,1,SOMETHING,TOTALLY,DIFFERENT,466.7,922.0,2136.3,307.7,158.8,335.8,832.252,832.239,832.289,0.05,ow,stop,apical,voiceless,oral_apical,two_fol_syl,,,T,T,internal,2,S AH1 M TH IH0 NG,T OW1 T AH0 L IY0,D IH1 F R AH0 N T,466.7,922.0,466.7,922.0,500.1,905.6,499.9,905.0,499.9,905.0,6,-0.835834793,-1.756369148,Y,0.612,0.394
64,BAK_PetersonMarquez_Dustin,OW,1,WAS,TOTALLY,ON,498.8,972.1,2311.0,156.0,134.1,1349.8,1672.525,1672.517,1672.617,0.1,ow,stop,apical,voiceless,oral_apical,two_fol_syl,,,T,T,internal,2,W AH0 Z,T OW1 T AH0 L IY0,AA1 N,498.8,972.1,498.0,894.4,491.5,922.8,506.4,1142.0,507.3,1308.5,6,-0.602682151,-1.627596468,Y,,
65,BAK_PetersonMarquez_Dustin,OW,1,SP,TOTALLY,MADE,666.4,1115.5,2067.6,237.5,273.4,1089.4,2039.897,2039.888,2039.939,0.051,ow,stop,apical,voiceless,oral_apical,two_fol_syl,,,T,T,internal,2,SP,T OW1 T AH0 L IY0,M EY1 D,666.4,1115.5,666.4,1115.5,547.0,972.4,518.2,936.6,518.2,936.6,6,0.614650647,-1.259013585,Y,0.684,0.42
66,BAK_PetersonMarquez_Dustin,OW,1,SOMETHING,TOTALLY,DIFFERENT,466.7,965.8,2171.3,168.0,166.3,1104.8,4037.882,4037.868,4037.928,0.06,ow,stop,apical,voiceless,oral_apical,two_fol_syl,,,T,T,internal,2,S AH1 M TH IH0 NG,T OW1 T AH0 L IY0,D IH1 F R AH0 N T,468.6,986.6,467.7,976.1,459.2,879.0,443.2,844.2,440.5,840.7,6,-0.835834793,-1.643789439,Y,0.612,0.394
67,BAK_PetersonMarquez_Dustin,OW,1,SP,TOTALLY,YOU,427.5,840.4,2423.0,365.5,157.8,340.0,4508.788,4508.768,4508.847,0.079,ow,stop,apical,voiceless,oral_apical,two_fol_syl,,,T,T,internal,2,SP,T OW1 T AH0 L IY0,Y AH0,402.3,873.8,434.8,840.5,512.7,857.6,536.3,828.6,539.9,803.5,5,-1.120557022,-1.966106688,N,,
68,BAK_Rocha_Patricia,OW,1,SP,TOTALLY,KNOW,525.4,914.5,2505.1,235.6,292.7,880.1,1180.347,1180.337,1180.427,0.09,ow,stop,apical,voiceless,oral_apical,two_fol_syl,,,T,T,internal,2,SP,T OW1 T AH0 L IY0,N OW1,525.4,914.5,473.5,873.5,459.9,847.0,455.2,888.2,449.0,933.5,6,-1.027573228,-2.080708388,Y,0.765,0.361
69,BAK_Rocha_Patricia,OW,1,SP,TOTALLY,EXCEL,505.9,790.1,2553.5,63.3,83.4,2106.5,2135.796,2135.754,2135.925,0.171,ow,stop,apical,voiceless,oral_apical,two_fol_syl,,,T,T,internal,2,SP,T OW1 T AH0 L IY0,IH0 K S EH1 L,458.3,786.7,502.4,784.1,512.2,791.5,519.4,840.6,511.0,851.6,6,-1.157621214,-2.34231493,Y,0.561,0.363
70,BAK_Rocha_Patricia,OW,1,KNOW,TOTALLY,L,572.4,1165.7,2624.3,384.1,302.8,962.1,2815.844,2815.834,2815.903,0.069,ow,stop,apical,voiceless,oral_apical,two_fol_syl,,,T,T,internal,2,N OW1,T OW1 T AH0 L IY0,EH1 L,572.4,1165.7,505.4,1149.2,523.0,1083.9,515.8,1007.5,515.5,996.7,5,-0.714124237,-1.552448234,N,,
71,BAK_Sandidge_Diane,OW,1,IT'S,TOTALLY,INDEPENDENT,528.2,1577.8,2745.6,136.9,236.9,726.2,1565.255,1565.241,1565.381,0.14,ow,stop,apical,voiceless,oral_apical,two_fol_syl,,,T,T,internal,2,AH0 T S,T OW1 T AH0 L IY0,IH2 N D AH0 P EH1 N D AH0 N T,517.8,1604.4,548.7,1352.8,486.0,1149.4,415.6,1118.5,410.5,1247.1,4,-0.418329009,-0.614489329,Y,0.885,0.44
72,BAK_Sandidge_Diane,OW,1,SP,TOTALLY,LIKE,757.6,1305.5,2240.7,140.0,468.9,1376.0,2372.053,2372.046,2372.175,0.129,ow,stop,apical,voiceless,oral_apical,two_fol_syl,,,T,T,internal,2,SP,T OW1 T AH0 L IY0,L AY1 K,757.6,1305.5,633.0,1184.9,585.6,1103.0,446.2,1090.8,462.4,1109.5,5,1.031674256,-1.183204615,Y,0.719,0.353
73,BAK_Sandidge_Diane,OW,1,SP,TOTALLY,IN,655.4,1781.7,2829.4,105.1,180.3,466.9,3605.403,3605.389,3605.558,0.169,ow,stop,apical,voiceless,oral_apical,two_fol_syl,,,T,T,internal,2,SP,T OW1 T AH0 L IY0,IH1 N,672.9,1753.4,644.6,1518.1,519.7,1267.8,428.4,1036.7,407.5,1112.4,5,0.385683263,-0.188631647,N,,
74,BAK_Sonnier_Kelly,OW,1,SP,TOTALLY,WITHDRAWN,545.2,1046.9,2446.4,190.2,613.2,425.0,1698.657,1698.647,1698.727,0.08,ow,stop,apical,voiceless,oral_apical,two_fol_syl,,,T,T,internal,2,SP,T OW1 T AH0 L IY0,W IH2 TH D R AO1 N,545.2,1046.9,550.6,1053.2,526.9,1087.9,504.5,1098.3,500.9,1131.2,5,-0.450928251,-1.545379604,Y,0.26,0.425
75,BAK_Villanueva_Guillermo,OW,1,SP,TOTALLY,DIFFERENT,437.8,1048.0,2364.2,215.5,200.3,513.1,3715.968,3715.961,3716.061,0.1,ow,stop,apical,voiceless,oral_apical,two_fol_syl,,,T,T,internal,2,SP,T OW1 T AH0 L IY0,D IH1 F R AH0 N T,437.8,1048.0,401.3,775.3,398.2,933.2,433.4,1046.3,433.5,1189.2,6,-1.075474204,-1.7362044,Y,0.612,0.394
76,BAK_Young_Wanda,OW,1,SP,TOTALLY,SURE,576.7,1167.9,2436.0,102.8,119.3,621.3,2069.289,2069.282,2069.381,0.099,ow,stop,apical,voiceless,oral_apical,two_fol_syl,,,T,T,internal,2,SP,T OW1 T AH0 L IY0,SH UH1 R,576.7,1167.9,548.3,1131.9,535.8,1054.4,497.9,1040.3,494.0,1033.4,5,-0.289525446,-1.375405864,Y,0.724,0.27
77,EXC_Farrah_Joseph,OW,1,A,TOTALLY,DIFFERENT,436.9,938.9,2508.0,103.1,109.0,778.2,1982.533,1982.509,1982.679,0.17,ow,stop,apical,voiceless,oral_apical,two_fol_syl,,,T,T,internal,2,AH0,T OW1 T AH0 L IY0,D IH1 F R AH0 N T,417.7,957.8,494.0,922.4,448.9,906.9,461.5,967.1,340.6,958.7,5,-0.489266526,-1.641619805,Y,0.612,0.394
78,EXC_Powell_Emily,OW,1,SP,TOTALLY,AMAZING,666.1,1425.4,2478.0,284.1,299.1,383.7,1928.052,1928.041,1928.161,0.12,ow,stop,apical,voiceless,oral_apical,two_fol_syl,,,T,T,internal,2,SP,T OW1 T AH0 L IY0,AH0 M EY1 Z IH0 NG,666.1,1425.4,640.2,1129.0,530.3,960.7,523.7,912.8,480.3,878.3,5,0.47883548,-0.666621419,Y,0.906,0.837
79,HUM_Barry_Josh,OW,1,SP,TOTALLY,SP,618.2,1272.6,2102.8,93.0,136.6,1034.8,119.548,119.518,119.648,0.13,ow,stop,apical,voiceless,oral_apical,two_fol_syl,,,T,T,internal,2,SP,T OW1 T AH0 L IY0,SP,717.1,1278.1,602.3,1216.2,573.3,1112.8,553.4,1109.5,505.4,1112.1,6,0.185214751,-0.865415744,Y,,
80,HUM_Blevin_Bethanne,OW,1,I'M,TOTALLY,NOT,668.2,1556.3,2330.4,58.8,232.9,189.2,1069.346,1069.339,1069.439,0.1,ow,stop,apical,voiceless,oral_apical,two_fol_syl,,,T,T,internal,2,AY1 M,T OW1 T AH0 L IY0,N AA1 T,668.2,1556.3,640.2,1445.5,580.5,1278.7,500.5,1215.7,459.9,1272.6,6,0.428070733,-0.429276736,Y,,
81,HUM_Blevin_Bethanne,OW,1,I,TOTALLY,NOT,687.4,1762.0,2676.7,69.4,225.1,548.6,1071.485,1071.477,1071.568,0.091,ow,stop,apical,voiceless,oral_apical,two_fol_syl,,,T,T,internal,2,AY1,T OW1 T AH0 L IY0,N AA1 T,687.4,1762.0,685.8,1769.3,623.4,1611.3,567.3,1534.0,574.0,1513.6,5,0.56390864,0.059483168,Y,,
82,HUM_Blevin_Bethanne,OW,1,MOM,TOTALLY,BOUGHT,515.7,1296.5,2321.1,134.5,152.0,272.4,1660.829,1660.822,1660.912,0.09,ow,stop,apical,voiceless,oral_apical,two_fol_syl,,,T,T,internal,2,M AA1 M,T OW1 T AH0 L IY0,B AO1 T,515.7,1296.5,510.2,1238.2,477.4,1187.5,427.2,1100.6,410.1,1080.1,6,-0.650850146,-1.046582632,Y,0.771,0.769
83,HUM_Confid_007,OW,1,IT'S,TOTALLY,THE,603.7,1239.4,2823.9,129.3,250.5,1437.7,2022.158,2022.143,2022.254,0.111,ow,stop,apical,voiceless,oral_apical,two_fol_syl,,,T,T,internal,2,IH1 T S,T OW1 T AH0 L IY0,DH AH0,626.9,1284.6,571.4,1106.2,549.0,1093.9,537.2,1204.8,524.0,1274.8,5,0.202175504,-1.336451003,Y,,
84,HUM_Confid_007,OW,1,SP,TOTALLY,{LG},548.8,1054.0,3264.4,269.1,139.4,1529.6,3453.081,3453.048,3453.178,0.13,ow,stop,apical,voiceless,oral_apical,two_fol_syl,,,T,T,internal,2,SP,T OW1 T AH0 L IY0,LG,620.3,1149.3,586.9,1052.5,624.8,994.4,684.5,1143.9,626.5,1334.5,5,-0.234940255,-1.742287249,Y,,
85,HUM_Confid_009,OW,1,SP,TOTALLY,DESTROYS,626.1,1385.1,2640.0,134.2,280.2,1011.4,2514.222,2514.215,2514.315,0.1,ow,stop,apical,voiceless,oral_apical,two_fol_syl,,,T,T,internal,2,SP,T OW1 T AH0 L IY0,D AH0 S T R OY1 Z,626.1,1385.1,607.2,1208.7,574.8,1233.7,535.6,1229.6,477.6,1209.2,5,0.462353235,-0.918768623,Y,0.046,0.935
86,HUM_Confid_009,OW,1,ARE,TOTALLY,DESTROYED,424.3,954.2,1481.1,195.2,529.9,409.3,2549.211,2549.19,2549.321,0.131,ow,stop,apical,voiceless,oral_apical,two_fol_syl,,,T,T,internal,2,ER0,T OW1 T AH0 L IY0,D AH0 S T R OY1 D,374.3,1114.8,516.7,883.9,466.5,700.7,400.8,869.0,389.0,1016.6,6,-1.091645297,-1.798729714,Y,0.046,0.935
87,HUM_Confid_009,OW,1,OH,TOTALLY,SP,693.7,933.4,3309.5,407.7,261.4,288.8,2942.759,2942.738,2942.928,0.19,ow,stop,apical,voiceless,oral_apical,two_fol_syl,,,T,T,internal,2,OW1,T OW1 T AH0 L IY0,SP,675.8,915.5,579.0,916.8,504.6,1007.8,514.9,1033.8,551.4,1205.7,4,0.982919641,-1.841206369,Y,,
88,HUM_Drucker_Jesse,OW,1,SP,TOTALLY,SP,599.6,1142.3,2077.1,127.8,173.4,438.8,1403.164,1403.117,1403.278,0.161,ow,stop,apical,voiceless,oral_apical,two_fol_syl,,,T,T,internal,2,SP,T OW1 T AH0 L IY0,SP,650.5,1479.8,589.4,1123.4,511.3,975.3,486.3,990.7,452.7,1054.9,6,0.447850332,-1.180940162,Y,,
89,HUM_Drucker_Jesse,OW,1,SP,TOTALLY,SURE,537.6,924.0,2268.4,83.8,87.5,288.7,1416.518,1416.503,1416.584,0.081,ow,stop,apical,voiceless,oral_apical,two_fol_syl,,,T,T,internal,2,SP,T OW1 T AH0 L IY0,SH UH1 R,555.7,935.8,507.1,901.2,489.2,888.6,475.9,891.4,469.0,905.1,6,-0.101034546,-1.813460491,Y,0.724,0.27
90,HUM_Drucker_Jesse,OW,1,SP,TOTALLY,SP,592.8,1199.4,1917.4,120.1,119.2,282.4,2743.645,2743.621,2743.761,0.14,ow,stop,apical,voiceless,oral_apical,two_fol_syl,,,T,T,internal,2,SP,T OW1 T AH0 L IY0,SP,653.0,1331.2,526.1,1076.4,508.2,978.4,502.7,944.1,474.8,1041.3,6,0.387650055,-1.015493938,Y,,
91,HUM_Drucker_Jesse,OW,1,SP,TOTALLY,SP,514.4,1232.4,1993.0,62.4,297.4,188.1,3472.451,3472.431,3472.571,0.14,ow,stop,apical,voiceless,oral_apical,two_fol_syl,,,T,T,internal,2,SP,T OW1 T AH0 L IY0,SP,505.0,1297.3,527.0,1107.2,515.4,1078.7,504.4,1093.3,472.4,1138.3,6,-0.306423727,-0.919877031,Y,,
92,HUM_Drucker_Jesse,OW,1,I'M,TOTALLY,IN,565.6,1324.3,2170.2,92.0,189.0,456.1,3668.993,3668.98,3669.07,0.09,ow,stop,apical,voiceless,oral_apical,two_fol_syl,,,T,T,internal,2,AY1 M,T OW1 T AH0 L IY0,IH1 N,569.8,1335.3,541.4,1232.4,516.2,1086.9,498.3,1032.9,490.9,1016.3,5,0.146848947,-0.653598432,Y,,
93,HUM_Drucker_Jesse,OW,1,SP,TOTALLY,SP,514.6,1269.2,1881.8,90.2,365.4,366.3,3858.079,3858.068,3858.178,0.11,ow,stop,apical,voiceless,oral_apical,two_fol_syl,,,T,T,internal,2,SP,T OW1 T AH0 L IY0,SP,514.6,1269.2,506.1,982.4,505.1,1069.0,490.0,1092.5,460.0,1160.8,6,-0.30465313,-0.813249692,Y,,
94,HUM_Gossi_Hannah,OW,1,SP,TOTALLY,DIFFERENT,661.7,1121.1,3018.5,277.4,174.6,289.6,123.516,123.504,123.624,0.12,ow,stop,apical,voiceless,oral_apical,two_fol_syl,,,T,T,internal,2,SP,T OW1 T AH0 L IY0,D IH1 F R AH0 N T,661.7,1121.1,609.7,1002.4,554.1,920.9,546.7,943.5,554.2,998.8,5,-0.112392573,-1.641037285,Y,0.612,0.394
95,HUM_Jones_Marva,OW,1,JUST,TOTALLY,BUY,550.0,1462.9,3099.3,284.0,306.9,733.2,3156.338,3156.33,3156.39,0.06,ow,stop,apical,voiceless,oral_apical,two_fol_syl,,,T,T,internal,2,JH AH0 S T,T OW1 T AH0 L IY0,B AY1,550.0,1462.9,523.8,1400.7,448.9,1052.5,459.2,1005.8,458.8,1003.3,5,-0.081707022,-0.670766899,Y,0.771,0.769
96,HUM_Jones_Marva,OW,1,SP,TOTALLY,SUPPORTING,498.8,1022.9,2529.1,205.7,333.0,394.5,3243.186,3243.174,3243.244,0.07,ow,stop,apical,voiceless,oral_apical,two_fol_syl,,,T,T,internal,2,SP,T OW1 T AH0 L IY0,S AH0 P AO1 R T IH0 NG,498.8,1022.9,463.5,987.0,436.6,957.8,419.6,910.4,414.6,893.4,6,-0.461150728,-1.808428078,Y,0.811,0.472
97,HUM_Jones_Marva,OW,1,SP,TOTALLY,HOKEY,501.2,1563.1,2601.8,78.5,173.9,245.2,6098.367,6098.356,6098.465,0.109,ow,stop,apical,voiceless,oral_apical,two_fol_syl,,,T,T,internal,2,SP,T OW1 T AH0 L IY0,HH OW1 K IY0,501.2,1563.1,507.9,1479.1,486.7,1400.5,455.2,1340.0,427.0,1300.9,5,-0.443364304,-0.411690421,Y,0.604,0.667
98,HUM_Jones_Marva,OW,1,SP,TOTALLY,TONS,780.2,1401.9,2757.9,388.8,778.6,314.6,6164.59,6164.583,6164.682,0.099,ow,stop,apical,voiceless,oral_apical,two_fol_syl,,,T,T,internal,2,SP,T OW1 T AH0 L IY0,T AH1 N Z,780.2,1401.9,620.2,1100.5,536.7,1066.9,466.5,1058.7,469.9,1043.2,6,1.624307455,-0.828488108,Y,0.56,0.418
99,HUM_Kohl_Nicholas,OW,1,SP,TOTALLY,DIDN'T,484.8,813.9,2092.9,111.1,104.2,1006.1,214.204,214.173,214.524,0.351,ow,stop,apical,voiceless,oral_apical,two_fol_syl,,,T,T,internal,2,SP,T OW1 T AH0 L IY0,D IH1 D AH0 N T,477.4,777.6,415.8,738.0,418.8,752.4,421.6,747.5,406.0,769.6,6,-0.602742055,-1.919533041,Y,,
100,HUM_Kohl_Nicholas,OW,1,SP,TOTALLY,DIFFERENT,544.8,1016.9,1740.8,136.2,155.4,1937.1,284.786,284.758,284.867,0.109,ow,stop,apical,voiceless,oral_apical,two_fol_syl,,,T,T,internal,2,SP,T OW1 T AH0 L IY0,D IH1 F R AH0 N T,708.1,1142.9,531.1,1000.0,495.1,936.6,471.7,975.5,463.1,1023.7,6,-0.122273792,-1.349807256,Y,0.612,0.394
101,HUM_Kohl_Nicholas,OW,1,BEEN,TOTALLY,SP,511.5,869.0,2469.2,126.4,82.3,107.6,1905.106,1905.081,1905.251,0.17,ow,stop,apical,voiceless,oral_apical,two_fol_syl,,,T,T,internal,2,B AH0 N,T OW1 T AH0 L IY0,SP,575.7,1010.5,458.8,798.2,415.4,742.2,403.4,771.8,396.9,924.2,5,-0.388933678,-1.764893185,Y,,
102,HUM_Kohl_Nicholas,OW,1,SP,TOTALLY,CRAZY,456.6,906.6,2373.2,179.0,179.5,264.5,5065.914,5065.892,5066.002,0.11,ow,stop,apical,voiceless,oral_apical,two_fol_syl,,,T,T,internal,2,SP,T OW1 T AH0 L IY0,K R EY1 Z IY0,592.9,1108.1,456.2,874.1,442.7,809.1,406.8,750.3,411.7,839.0,5,-0.828562139,-1.659367621,Y,0.156,0.843
103,HUM_Kohl_Nicholas,OW,1,IS,TOTALLY,ITS,521.0,939.3,2277.0,156.5,61.7,522.7,5652.739,5652.732,5652.852,0.12,ow,stop,apical,voiceless,oral_apical,two_fol_syl,,,T,T,internal,2,AH0 Z,T OW1 T AH0 L IY0,AH0 T S,521.0,939.3,480.0,875.2,426.6,861.0,417.2,872.4,419.4,926.0,5,-0.312859536,-1.567594058,Y,,
104,HUM_Lianoz_Glenn,OW,1,GET,TOTALLY,SCREWED,471.2,1154.7,2426.7,185.0,123.6,589.6,904.241,904.223,904.283,0.06,ow,stop,apical,voiceless,oral_apical,two_fol_syl,,,T,T,internal,2,G IH1 T,T OW1 T AH0 L IY0,S K R UW1 D,480.1,1225.8,477.0,1213.0,451.4,1088.4,403.1,1029.6,400.5,1026.3,6,-0.541551299,-1.171289121,Y,0.385,0.46
105,HUM_McLaughlin_Rachel,OW,1,SP,TOTALLY,MY,606.6,902.2,2001.4,275.6,249.4,2613.4,3145.729,3145.708,3145.818,0.11,ow,stop,apical,voiceless,oral_apical,two_fol_syl,,,T,T,internal,2,SP,T OW1 T AH0 L IY0,M AY1,652.8,1065.8,593.3,867.1,543.1,924.9,532.6,926.2,524.7,909.7,6,-0.424832096,-2.151294893,Y,,
106,HUM_Nielsen_Don,OW,1,S-,TOTALLY,DIFFERENT,540.8,1025.0,2076.4,62.2,197.3,86.1,3650.969,3650.962,3651.103,0.141,ow,stop,apical,voiceless,oral_apical,two_fol_syl,,,T,T,internal,2,S,T OW1 T AH0 L IY0,D IH1 F R AH0 N T,540.8,1023.7,490.8,919.6,458.8,941.3,421.7,928.4,359.7,938.7,6,0.31018062,-1.342710638,Y,0.612,0.394
107,HUM_Poffenberger_Tovara,OW,1,WAS,TOTALLY,UNDEVELOPED,615.3,1141.9,2255.9,158.7,210.1,408.0,593.41,593.394,593.463,0.069,ow,stop,apical,voiceless,oral_apical,two_fol_syl,,,T,T,internal,2,W AH0 Z,T OW1 T AH0 L IY0,AH2 N D AH0 V EH1 L AH0 P T,632.1,1168.6,611.5,1136.4,605.7,1172.1,590.6,1183.4,589.4,1192.7,5,-0.433480966,-1.652602491,Y,0.292,0.33
108,HUM_Poffenberger_Tovara,OW,1,WERE,TOTALLY,UP,601.4,1121.2,2433.2,93.0,220.8,335.5,2166.158,2166.141,2166.21,0.069,ow,stop,apical,voiceless,oral_apical,two_fol_syl,,,T,T,internal,2,W ER0,T OW1 T AH0 L IY0,AH1 P,598.0,1092.3,601.4,1121.2,622.8,1193.4,629.5,1208.1,616.9,1223.8,5,-0.539550722,-1.70218822,N,,
109,HUM_Rohl_Eli,OW,1,SP,TOTALLY,HAPPY,467.4,1310.9,2276.3,89.0,158.0,221.5,99.109,99.093,99.174,0.081,ow,stop,apical,voiceless,oral_apical,two_fol_syl,,,T,T,internal,2,SP,T OW1 T AH0 L IY0,HH AE1 P IY0,476.8,1323.2,472.5,1294.8,476.6,1225.0,449.5,1155.3,440.3,1070.8,6,-0.555206232,-0.657957917,Y,1.0,0.735
110,HUM_Rowley_Ross,OW,1,TWO,TOTALLY,DIFFERENT,488.1,925.3,2329.4,125.1,60.2,756.4,1694.619,1694.6,1694.761,0.161,ow,stop,apical,voiceless,oral_apical,two_fol_syl,,,T,T,internal,2,T UW1,T OW1 T AH0 L IY0,D IH1 F R AH0 N T,497.3,931.0,467.9,891.2,435.8,845.8,422.7,952.6,423.5,1107.9,6,-0.462497727,-1.698551435,Y,0.612,0.394
111,HUM_Rowley_Ross,OW,1,OH,TOTALLY,CAN,565.7,1029.8,2336.3,281.2,246.7,620.3,5720.825,5720.802,5720.912,0.11,ow,stop,apical,voiceless,oral_apical,two_fol_syl,,,T,T,internal,2,OW1,T OW1 T AH0 L IY0,K AE1 N,522.5,1154.7,567.4,978.0,557.1,1029.8,559.4,988.9,526.6,1138.9,5,0.166969952,-1.469343888,N,0.662,0.36
112,HUM_Urban_Richard,OW,1,SP,TOTALLY,ILLEGAL,413.4,1049.0,2354.3,70.5,196.1,173.1,1152.632,1152.608,1152.707,0.099,ow,stop,apical,voiceless,oral_apical,two_fol_syl,,,T,T,internal,2,SP,T OW1 T AH0 L IY0,IH2 L IY1 G AH0 L,428.5,1145.6,419.7,1019.7,438.3,1024.2,442.3,1131.2,429.8,1122.6,6,-0.846515348,-1.277938644,Y,0.061,0.787
113,HUM_Vina_Heather,OW,1,SP,TOTALLY,ORGANICALLY,650.2,1225.0,2814.7,176.5,243.4,226.0,1036.49,1036.478,1036.587,0.109,ow,stop,apical,voiceless,oral_apical,two_fol_syl,,,T,T,internal,2,SP,T OW1 T AH0 L IY0,AO0 R G AE1 N IH0 K L IY0,650.2,1225.0,622.9,1086.9,577.2,1034.4,556.4,1014.1,537.1,993.7,5,-0.11064398,-1.40902138,Y,,
114,HUM_Vina_Heather,OW,1,SP,TOTALLY,DIFFERENTLY,664.4,1411.5,2812.3,187.2,471.7,428.8,1790.948,1790.94,1791.081,0.141,ow,stop,apical,voiceless,oral_apical,two_fol_syl,,,T,T,internal,2,SP,T OW1 T AH0 L IY0,D IH1 F R AH0 N T L IY0,665.8,1400.4,642.9,1208.6,547.6,1088.1,488.5,1173.7,491.3,1339.0,5,-0.008969568,-0.96609945,Y,0.48,0.431
115,HUM_Vina_Heather,OW,1,SP,TOTALLY,PEOPLE,687.4,1290.7,2947.7,172.4,386.9,414.5,1966.165,1966.156,1966.246,0.09,ow,stop,apical,voiceless,oral_apical,two_fol_syl,,,T,T,internal,2,SP,T OW1 T AH0 L IY0,P IY1 P AH0 L,687.4,1290.7,673.3,1136.2,639.3,1106.8,589.8,1073.5,537.7,1000.4,5,0.155714339,-1.252989365,N,0.604,0.4
116,HUM_Vina_Heather,OW,1,ARE,TOTALLY,BLACK,654.9,1063.5,2579.5,128.1,237.1,351.7,1974.727,1974.706,1974.855,0.149,ow,stop,apical,voiceless,oral_apical,two_fol_syl,,,T,T,internal,2,ER0,T OW1 T AH0 L IY0,B L AE1 K,679.0,1133.8,608.5,1058.8,569.5,961.7,564.9,972.5,553.6,1046.6,5,-0.076991182,-1.792570396,Y,,
117,HUM_Vina_Heather,OW,1,IT'S,TOTALLY,SP,625.5,1008.6,2700.7,199.9,219.6,1011.2,2008.685,2008.661,2008.811,0.15,ow,stop,apical,voiceless,oral_apical,two_fol_syl,,,T,T,internal,2,AH0 T S,T OW1 T AH0 L IY0,SP,636.4,1093.2,626.3,981.7,534.4,923.4,485.5,940.6,465.9,985.1,5,-0.287500176,-1.922953313,Y,,
118,HUM_Vina_Heather,OW,1,THEY,TOTALLY,BELIEVE,658.1,1096.0,2804.2,133.7,142.2,1194.7,2032.134,2032.127,2032.227,0.1,ow,stop,apical,voiceless,oral_apical,two_fol_syl,,,T,T,internal,2,DH EY1,T OW1 T AH0 L IY0,B AH0 L IY1 V,658.1,1096.0,636.7,1078.8,613.4,1042.7,592.3,1067.9,554.2,1075.4,5,-0.054078638,-1.715385609,Y,0.781,0.37
119,HUM_Vina_Heather,OW,1,THEY'RE,TOTALLY,AMAZED,667.2,1064.6,3070.5,246.4,216.2,519.7,2163.497,2163.48,2163.61,0.13,ow,stop,apical,voiceless,oral_apical,two_fol_syl,,,T,T,internal,2,DH EH1 R,T OW1 T AH0 L IY0,AH0 M EY1 Z D,707.3,1115.1,634.8,1042.1,521.6,963.1,476.7,969.2,461.5,1020.1,5,0.011078907,-1.789957988,Y,0.796,0.779
120,HUM_Vina_Heather,OW,1,IT,TOTALLY,SHOCKED,688.8,1278.0,2952.0,248.4,350.7,939.4,2371.055,2371.043,2371.133,0.09,ow,stop,apical,voiceless,oral_apical,two_fol_syl,,,T,T,internal,2,IH1 T,T OW1 T AH0 L IY0,SH AA1 K T,688.8,1278.0,628.9,1155.3,615.1,1095.1,593.6,1016.4,564.1,993.6,5,0.165738576,-1.283150804,Y,0.292,0.773
121,HUM_Vina_Heather,OW,1,SP,TOTALLY,SHOCKED,717.9,1312.5,1820.4,174.7,256.2,1096.6,2395.62,2395.597,2395.738,0.141,ow,stop,apical,voiceless,oral_apical,two_fol_syl,,,T,T,internal,2,SP,T OW1 T AH0 L IY0,SH AA1 K T,809.4,1454.4,633.5,1204.7,587.7,1091.3,553.2,1067.8,538.3,1094.8,6,0.374099519,-1.201216185,Y,0.292,0.773
122,HUM_Vina_Heather,OW,1,SP,TOTALLY,OUT,627.7,1224.4,2915.4,98.0,140.8,317.3,3318.644,3318.637,3318.708,0.071,ow,stop,apical,voiceless,oral_apical,two_fol_syl,,,T,T,internal,2,SP,T OW1 T AH0 L IY0,AW1 T,627.7,1224.4,617.5,1208.1,588.7,1135.3,562.9,1106.0,555.5,1103.0,5,-0.271747802,-1.410446329,Y,,
123,HUM_Wagner_Theresa,OW,1,SP,TOTALLY,OKAY,776.5,2223.7,2798.8,147.1,744.1,569.2,706.105,706.084,706.183,0.099,ow,stop,apical,voiceless,oral_apical,two_fol_syl,,,T,T,internal,2,SP,T OW1 T AH0 L IY0,OW1 K EY1,706.1,2174.8,792.8,2230.6,790.2,2183.1,744.3,2088.7,658.6,1949.3,5,0.684373758,1.168912844,Y,,
124,HUM_Wagner_Theresa,OW,1,I'M,TOTALLY,SP,660.2,1119.5,2737.6,253.6,326.1,202.6,2254.763,2254.744,2254.904,0.16,ow,stop,apical,voiceless,oral_apical,two_fol_syl,,,T,T,internal,2,AY1 M,T OW1 T AH0 L IY0,SP,687.7,1167.8,568.3,901.2,525.2,859.2,508.4,910.6,462.2,1105.7,6,-0.020863703,-1.80233172,Y,,
125,HUM_Wagner_Theresa,OW,1,THAT,TOTALLY,HAVE,527.2,1151.3,2357.8,218.9,151.0,1251.4,3042.579,3042.567,3042.627,0.06,ow,stop,apical,voiceless,oral_apical,two_fol_syl,,,T,T,internal,2,DH AE1 T,T OW1 T AH0 L IY0,HH AE1 V,527.2,1151.3,517.6,1147.9,518.0,1146.9,515.4,1179.3,513.9,1180.4,5,-0.82736914,-1.71676246,N,0.757,0.389
126,INF_RED_Rucker_Katrina,OW,1,JUST,TOTALLY,EMBRACED,496.7,1336.6,2440.8,213.4,111.8,181.7,699.774,699.759,699.91,0.151,ow,stop,apical,voiceless,oral_apical,two_fol_syl,,,T,T,internal,2,JH AH0 S T,T OW1 T AH0 L IY0,EH0 M B R EY1 S T,496.7,1336.6,481.4,1274.9,424.9,951.8,380.6,899.8,393.6,1119.0,6,0.065251694,-0.885154435,Y,0.949,0.49
127,INF_RED_Rucker_Katrina,OW,1,JUST,TOTALLY,EMBRACED,464.9,1353.9,2499.5,308.7,331.8,423.4,704.25,704.222,704.372,0.15,ow,stop,apical,voiceless,oral_apical,two_fol_syl,,,T,T,internal,2,JH AH0 S T,T OW1 T AH0 L IY0,EH0 M B R EY1 S T,446.7,1414.0,438.3,1285.9,431.5,1158.4,369.0,1071.1,339.4,1209.8,6,-0.125250087,-0.840010664,Y,0.949,0.49
128,INF_RED_Rucker_Katrina,OW,1,JUST,TOTALLY,OPEN,555.4,1364.9,2690.3,247.2,272.5,168.2,721.999,721.967,722.097,0.13,ow,stop,apical,voiceless,oral_apical,two_fol_syl,,,T,T,internal,2,JH AH0 S T,T OW1 T AH0 L IY0,OW1 P AH0 N,536.8,1403.5,556.6,1353.8,579.3,1336.7,375.0,902.8,307.3,999.7,6,0.416901209,-0.811306533,Y,0.62,0.48
129,INF_RED_Rucker_Katrina,OW,1,WAS,TOTALLY,UNFAMILIAR,363.7,1188.6,2308.8,172.4,752.4,591.6,2382.287,2382.263,2382.394,0.131,ow,stop,apical,voiceless,oral_apical,two_fol_syl,,,T,T,internal,2,W AH0 Z,T OW1 T AH0 L IY0,AH2 N F AH0 M IH1 L Y ER0,362.5,1276.1,421.5,1115.4,422.7,1114.1,408.4,1229.0,414.2,1236.7,6,-0.731501039,-1.271355474,Y,0.219,0.558
130,MER_Confid_015,OW,1,SP,TOTALLY,SP,540.8,1147.7,2672.9,173.3,455.2,447.8,3832.635,3832.619,3832.699,0.08,ow,stop,apical,voiceless,oral_apical,two_fol_syl,,,T,T,internal,2,SP,T OW1 T AH0 L IY0,SP,539.3,1176.8,554.2,1137.5,595.4,1259.2,511.3,1427.2,515.9,1635.4,5,0.173533585,-1.314255252,Y,,
131,MER_Kessener_Heidi,OW,1,I,TOTALLY,AM,511.1,1343.4,2170.3,127.7,320.2,513.7,2183.647,2183.64,2183.719,0.079,ow,stop,apical,voiceless,oral_apical,two_fol_syl,,,T,T,internal,2,AY1,T OW1 T AH0 L IY0,AE1 M,511.1,1343.4,492.7,1249.4,475.9,1033.8,458.8,954.7,453.0,986.5,6,-0.741715969,-1.300334865,Y,0.67,0.24
132,MER_Kessener_Heidi,OW,1,IS,TOTALLY,ILLEGAL,574.6,1152.3,2560.8,268.1,192.0,915.3,3081.002,3080.983,3081.103,0.12,ow,stop,apical,voiceless,oral_apical,two_fol_syl,,,T,T,internal,2,AH0 Z,T OW1 T AH0 L IY0,IH2 L IY1 G AH0 L,543.7,1154.3,626.6,1229.6,575.7,1257.1,634.8,1230.9,569.1,1189.6,5,-0.255529882,-1.734903712,Y,0.061,0.787
133,MER_McKay_Joshua,OW,1,WE'RE,TOTALLY,WITH,567.1,1165.8,2105.4,123.5,258.2,243.8,3051.941,3051.929,3051.979,0.05,ow,stop,apical,voiceless,oral_apical,two_fol_syl,,,T,T,internal,2,W ER1,T OW1 T AH0 L IY0,W IH1 TH,567.1,1165.8,567.1,1165.8,577.0,1057.5,587.4,1026.3,587.4,1026.3,6,0.137993389,-1.297233852,Y,,
134,MER_Moore_Erica,OW,1,IT'S,TOTALLY,INSANE,583.7,1326.7,2625.5,215.2,305.6,483.3,1069.053,1069.041,1069.091,0.05,ow,stop,apical,voiceless,oral_apical,two_fol_syl,,,T,T,internal,2,IH1 T S,T OW1 T AH0 L IY0,IH2 N S EY1 N,583.7,1326.7,583.7,1326.7,595.1,1237.0,598.2,1224.2,598.2,1224.2,5,-0.236705239,-1.200497213,Y,0.062,0.67
135,MER_Moore_Erica,OW,1,A,TOTALLY,NORMAL,549.0,1256.3,2793.5,264.5,270.1,503.4,2577.357,2577.35,2577.44,0.09,ow,stop,apical,voiceless,oral_apical,two_fol_syl,,,T,T,internal,2,AH0,T OW1 T AH0 L IY0,N AO1 R M AH0 L,549.0,1256.3,524.2,1188.4,541.2,1243.6,511.8,1244.7,494.4,1211.0,5,-0.493365702,-1.382833936,Y,0.74,0.127
136,MER_Moore_Erica,OW,1,THAT'S,TOTALLY,GONNA,692.9,1294.9,2690.8,325.3,260.3,627.1,2658.014,2658.007,2658.067,0.06,ow,stop,apical,voiceless,oral_apical,two_fol_syl,,,T,T,internal,2,DH AE1 T S,T OW1 T AH0 L IY0,G AA1 N AH0,692.9,1294.9,684.3,1293.8,608.8,1348.8,605.0,1286.3,604.2,1282.1,5,0.57099858,-1.28285954,Y,,
137,MER_Moore_Erica,OW,1,WAS,TOTALLY,UNCOMFORTABLE,563.6,1273.7,2177.3,218.7,195.0,1077.6,4065.913,4065.906,4065.966,0.06,ow,stop,apical,voiceless,oral_apical,two_fol_syl,,,T,T,internal,2,W AH0 Z,T OW1 T AH0 L IY0,AH0 N K AH1 M F ER0 T AH0 B AH0 L,563.6,1273.7,553.5,1264.0,550.1,1165.8,512.0,1159.6,510.2,1159.9,6,-0.385375997,-1.337767757,Y,0.188,0.61
138,MER_Moore_Erica,OW,1,THEM,TOTALLY,DESTRO-,492.8,1069.9,1867.2,103.2,254.8,1084.9,4104.734,4104.714,4104.794,0.08,ow,stop,apical,voiceless,oral_apical,two_fol_syl,,,T,T,internal,2,DH AH0 M,T OW1 T AH0 L IY0,D IH0 S T R OY1,509.4,1125.4,492.8,1069.9,517.1,1079.5,511.7,1109.5,493.1,1104.0,6,-0.9090521,-1.86561185,Y,,
139,MER_Regert_Susan,OW,1,SP,TOTALLY,SP,582.4,919.4,1555.6,184.0,171.6,1080.8,2267.941,2267.89,2268.111,0.221,ow,stop,apical,voiceless,oral_apical,two_fol_syl,,,T,T,internal,2,SP,T OW1 T AH0 L IY0,SP,462.6,823.1,585.3,988.9,587.9,948.2,500.5,883.8,457.0,1098.1,6,-0.346381308,-2.264812686,Y,,
140,MER_Regert_Susan,OW,1,IT'S,TOTALLY,OUT,601.5,1479.3,3044.5,141.7,209.7,406.9,2302.012,2302.002,2302.092,0.09,ow,stop,apical,voiceless,oral_apical,two_fol_syl,,,T,T,internal,2,IH1 T S,T OW1 T AH0 L IY0,AW1 T,601.5,1479.3,602.7,1447.7,561.7,1222.0,538.6,1099.5,537.2,1104.2,5,-0.216082068,-1.013528995,Y,,
141,MER_Spencer_Wendy,OW,1,WAS,TOTALLY,NORMAL,668.2,1182.8,2640.8,105.9,110.3,332.3,703.245,703.238,703.348,0.11,ow,stop,apical,voiceless,oral_apical,two_fol_syl,,,T,T,internal,2,W AH0 Z,T OW1 T AH0 L IY0,N AO1 R M AH0 L,668.2,1182.8,588.3,1102.9,557.1,1098.4,559.0,1147.2,574.7,1132.0,6,0.125832225,-1.321390697,Y,0.74,0.127
142,MER_Spencer_Wendy,OW,1,A,TOTALLY,PERFECT,646.4,1136.4,2808.5,193.8,277.4,388.1,1508.82,1508.811,1508.91,0.099,ow,stop,apical,voiceless,oral_apical,two_fol_syl,,,T,T,internal,2,EY1,T OW1 T AH0 L IY0,P ER1 F IH2 K T,646.4,1136.4,563.7,996.6,548.0,1056.5,532.5,1069.6,526.6,1076.0,6,-0.047264712,-1.423166571,Y,0.98,0.471
143,MER_Spencer_Wendy,OW,1,SP,TOTALLY,CITY,641.2,1400.0,2736.8,84.0,300.2,135.1,1688.401,1688.394,1688.513,0.119,ow,stop,apical,voiceless,oral_apical,two_fol_syl,,,T,T,internal,2,SP,T OW1 T AH0 L IY0,S IH1 T IY0,641.2,1400.0,589.6,1262.6,559.3,1224.5,537.2,1226.2,488.6,1240.2,6,-0.088553889,-0.844974322,N,0.847,0.531
144,MER_Spencer_Wendy,OW,1,SP,TOTALLY,DIFFERENT,588.8,1250.6,2740.4,86.0,186.5,332.7,2935.902,2935.895,2936.005,0.11,ow,stop,apical,voiceless,oral_apical,two_fol_syl,,,T,T,internal,2,SP,T OW1 T AH0 L IY0,D IH1 F ER0 AH0 N T,588.8,1250.6,556.9,1208.9,531.5,1182.1,496.8,1230.0,513.8,1259.5,5,-0.504621756,-1.172675088,Y,0.612,0.394
145,MER_Stefani_Kathleen,OW,1,SP,TOTALLY,DISABLED,586.7,1440.5,2469.4,123.8,370.8,254.2,2705.829,2705.82,2705.921,0.101,ow,stop,apical,voiceless,oral_apical,two_fol_syl,,,T,T,internal,2,SP,T OW1 T AH0 L IY0,D IH2 S EY1 B AH0 L D,586.7,1440.5,580.4,1384.5,553.1,1359.9,523.4,1315.8,497.5,1373.3,5,-0.126834063,-1.12047279,Y,0.308,0.443
146,RDL_Brown_Laura,OW,1,WERE,TOTALLY,A,700.3,1389.1,3220.1,157.0,335.1,805.7,2356.986,2356.977,2357.086,0.109,ow,stop,apical,voiceless,oral_apical,two_fol_syl,,,T,T,internal,2,W ER1,T OW1 T AH0 L IY0,AH0,700.3,1389.1,646.4,1231.0,606.2,1027.9,544.7,862.3,533.8,1115.3,6,0.732930107,-0.911355278,Y,,
147,RDL_Cooper_Angelica,OW,1,SP,TOTALLY,WE'LL,623.8,1127.7,2783.2,353.8,243.4,337.0,2912.554,2912.546,2912.626,0.08,ow,stop,apical,voiceless,oral_apical,two_fol_syl,,,T,T,internal,2,SP,T OW1 T AH0 L IY0,W IY1 L,623.8,1127.7,553.2,1101.9,449.1,1082.4,458.8,938.4,465.5,946.9,5,-0.116610751,-1.496306807,Y,,
148,RDL_Lopez_William,OW,1,SP,TOTALLY,FINE,682.1,1287.5,2804.4,177.9,258.6,695.4,2944.092,2944.08,2944.161,0.081,ow,stop,apical,voiceless,oral_apical,two_fol_syl,,,T,T,internal,2,SP,T OW1 T AH0 L IY0,F AY1 N,682.1,1287.5,568.6,1126.8,534.0,1075.3,504.4,1042.5,488.2,1018.5,5,0.914719346,-0.936537111,Y,0.823,0.24
149,RDL_Tapia_Isaac,OW,1,SOMETHING,TOTALLY,UNRELATED,670.8,1338.0,2238.0,355.7,269.8,254.4,3213.211,3213.194,3213.274,0.08,ow,stop,apical,voiceless,oral_apical,two_fol_syl,,,T,T,internal,2,S AH1 M TH IH0 NG,T OW1 T AH0 L IY0,AH2 N R AH0 L EY1 T AH0 D,698.3,1382.0,636.6,1296.9,575.6,1072.0,543.1,1052.8,531.3,1056.7,6,0.738910016,-0.688099413,Y,0.302,0.27
150,RED_Barnhart_Nolan,OW,1,SP,TOTALLY,SP,405.0,1099.8,2497.7,422.8,164.2,722.3,752.29,752.283,752.343,0.06,ow,stop,apical,voiceless,oral_apical,two_fol_syl,,,T,T,internal,2,SP,T OW1 T AH0 L IY0,SP,405.0,1099.8,404.5,1099.3,378.8,1093.9,370.5,1084.8,369.8,1083.7,5,-1.479947905,-1.617808626,Y,,
151,RED_Barnhart_Nolan,OW,1,ARE,TOTALLY,FINE,503.6,1428.2,2156.8,169.4,371.7,700.5,1904.689,1904.664,1904.764,0.1,ow,stop,apical,voiceless,oral_apical,two_fol_syl,,,T,T,internal,2,ER0,T OW1 T AH0 L IY0,F AY1 N,508.1,1581.7,503.3,1375.9,521.6,922.8,497.6,769.2,496.5,857.2,6,-0.808236483,-0.679730819,Y,0.823,0.24
152,RED_Confid_001,OW,1,SP,TOTALLY,SP,593.3,1015.0,2536.6,239.0,241.9,316.8,732.472,732.445,732.586,0.141,ow,stop,apical,voiceless,oral_apical,two_fol_syl,,,T,T,internal,2,SP,T OW1 T AH0 L IY0,SP,637.0,1790.6,619.5,832.3,615.7,809.5,577.1,914.0,612.2,1280.0,5,0.142155319,-1.849629942,Y,,
153,RED_Confid_001,OW,1,I'M,TOTALLY,AN,557.6,1052.3,1944.0,215.8,238.6,559.5,734.096,734.086,734.156,0.07,ow,stop,apical,voiceless,oral_apical,two_fol_syl,,,T,T,internal,2,AY1 M,T OW1 T AH0 L IY0,AH0 N,557.6,1052.3,547.7,1051.6,538.8,1037.0,536.2,1045.3,532.3,1039.4,6,-0.118945251,-1.754405093,Y,,
154,RED_Confid_001,OW,1,SP,TOTALLY,BLEW,496.3,1001.2,2050.5,157.9,145.8,634.3,4921.367,4921.352,4921.452,0.1,ow,stop,apical,voiceless,oral_apical,two_fol_syl,,,T,T,internal,2,SP,T OW1 T AH0 L IY0,B L UW1,482.2,996.4,519.7,1024.1,508.0,1102.4,444.9,1089.6,384.4,1118.7,5,-0.567277603,-1.884860583,Y,0.316,0.75
155,RED_Dinger_Kristin,OW,1,SP,TOTALLY,KNOW,706.4,1081.5,2521.4,72.4,214.1,809.2,1286.57,1286.535,1286.615,0.08,ow,stop,apical,voiceless,oral_apical,two_fol_syl,,,T,T,internal,2,SP,T OW1 T AH0 L IY0,N OW1,791.4,1388.6,788.8,1257.3,679.5,1040.8,650.2,1089.6,648.0,1035.1,6,-0.093957115,-1.62726414,Y,0.765,0.361
156,RED_Hawkins_Gay,OW,1,I'M,TOTALLY,LOST,497.2,1577.7,2466.3,149.7,372.1,1641.4,4121.517,4121.503,4121.644,0.141,ow,stop,apical,voiceless,oral_apical,two_fol_syl,,,T,T,internal,2,AY1 M,T OW1 T AH0 L IY0,L AO1 S T,493.6,1579.5,512.0,1313.8,468.2,1186.9,405.0,1372.9,928.5,1727.5,5,-0.552599181,-0.43818473,Y,0.115,0.538
157,RED_Hernandez_Trisha,OW,1,SP,TOTALLY,NEW,712.9,1247.9,2673.9,100.3,200.6,594.4,2419.228,2419.221,2419.361,0.14,ow,stop,apical,voiceless,oral_apical,two_fol_syl,,,T,T,internal,2,SP,T OW1 T AH0 L IY0,N UW1,708.8,1242.3,645.1,1150.9,648.0,1145.1,611.9,1177.2,515.1,1218.9,5,0.53605581,-1.370839241,Y,0.917,0.49
158,RED_Keelan_Chase,OW,1,SP,TOTALLY,COOL,485.7,727.7,2941.9,22.9,141.0,204.2,2199.909,2199.872,2200.022,0.15,ow,stop,apical,voiceless,oral_apical,two_fol_syl,,,T,T,internal,2,SP,T OW1 T AH0 L IY0,K UW1 L,477.8,715.4,488.8,739.3,508.2,828.2,504.2,889.2,447.6,1129.5,5,-0.809125852,-2.094113787,Y,0.885,0.54
159,RED_Keelan_Chase,OW,1,I,TOTALLY,AGREE,550.2,902.4,2956.0,225.3,116.5,356.6,2441.051,2441.042,2441.112,0.07,ow,stop,apical,voiceless,oral_apical,two_fol_syl,,,T,T,internal,2,AY1,T OW1 T AH0 L IY0,AH0 G R IY1,550.2,902.4,506.1,866.5,493.7,812.3,480.4,811.7,480.9,819.9,5,-0.367285498,-1.741717965,Y,0.906,0.26
160,RED_Keelan_Chase,OW,1,SP,TOTALLY,COMFORTABLE,483.1,901.3,2626.0,130.2,89.7,377.4,2758.507,2758.5,2758.58,0.08,ow,stop,apical,voiceless,oral_apical,two_fol_syl,,,T,T,internal,2,SP,T OW1 T AH0 L IY0,K AH1 M F ER0 T AH0 B AH0 L,483.1,901.3,481.9,864.0,453.3,785.6,449.9,802.4,453.1,843.3,5,-0.826936471,-1.743936828,Y,0.927,0.163
161,RED_Keelan_Chase,OW,1,THAT'S,TOTALLY,NORMAL,500.3,1009.9,2854.3,108.6,257.1,582.0,5208.839,5208.821,5208.891,0.07,ow,stop,apical,voiceless,oral_apical,two_fol_syl,,,T,T,internal,2,DH AE1 T S,T OW1 T AH0 L IY0,N AO1 R M AH0 L,479.0,1043.7,494.0,1015.3,544.3,986.1,522.6,928.8,519.0,930.7,5,-0.709112376,-1.524874514,Y,0.74,0.127
162,RED_Keelan_Chase,OW,1,SP,TOTALLY,SURE,530.6,777.5,3235.1,203.5,248.4,536.8,5341.821,5341.793,5341.903,0.11,ow,stop,apical,voiceless,oral_apical,two_fol_syl,,,T,T,internal,2,SP,T OW1 T AH0 L IY0,SH UH1 R,641.7,1070.0,528.4,750.8,610.8,812.2,587.6,919.3,555.3,952.7,5,-0.501550163,-1.993659798,Y,0.724,0.27
163,RED_Keelan_Chase,OW,1,I,TOTALLY,SP,462.3,779.5,1876.6,120.9,206.0,1810.9,5484.485,5484.469,5484.6,0.131,ow,stop,apical,voiceless,oral_apical,two_fol_syl,,,T,T,internal,2,AY1,T OW1 T AH0 L IY0,SP,500.0,839.6,457.5,687.4,449.1,679.9,427.0,699.3,471.6,830.3,6,-0.969421422,-1.989625501,Y,,
164,RED_Keelan_Chase,OW,1,BE,TOTALLY,COOL,660.3,1040.3,3372.6,148.9,220.5,579.2,5546.73,5546.696,5546.866,0.17,ow,stop,apical,voiceless,oral_apical,two_fol_syl,,,T,T,internal,2,B IY1,T OW1 T AH0 L IY0,K UW1 L,769.3,1402.0,604.2,971.3,563.8,1145.2,640.2,921.0,759.6,1146.7,4,0.386925711,-1.463553203,Y,0.885,0.54
165,RED_Keelan_Chase,OW,1,THAT'S,TOTALLY,COMFORTABLE,555.5,1092.7,2725.6,118.0,178.2,286.6,5583.978,5583.963,5584.023,0.06,ow,stop,apical,voiceless,oral_apical,two_fol_syl,,,T,T,internal,2,DH AE1 T S,T OW1 T AH0 L IY0,K AH1 M F ER0 T AH0 B AH0 L,585.8,1154.3,575.6,1133.3,519.6,984.2,500.1,940.3,498.6,936.3,6,-0.330979236,-1.357854628,Y,0.927,0.163
166,RED_Keelan_Chase,OW,1,THEY'RE,TOTALLY,LIKE,490.0,1156.3,2390.7,120.2,222.0,724.7,5763.362,5763.345,5763.395,0.05,ow,stop,apical,voiceless,oral_apical,two_fol_syl,,,T,T,internal,2,DH EH1 R,T OW1 T AH0 L IY0,L AY1 K,470.1,1194.5,470.1,1194.5,506.2,1139.0,507.8,1103.1,507.8,1103.1,5,-0.779669828,-1.22956399,Y,0.719,0.353
167,RED_Keelan_Chase,OW,1,I'M,TOTALLY,COOL,494.4,1029.7,2846.6,107.6,158.0,363.7,6170.326,6170.308,6170.368,0.06,ow,stop,apical,voiceless,oral_apical,two_fol_syl,,,T,T,internal,2,AY1 M,T OW1 T AH0 L IY0,K UW1 L,559.3,1071.9,547.0,1065.3,474.2,941.6,462.4,913.3,461.5,915.0,5,-0.749528781,-1.484934976,Y,0.885,0.54
168,RED_Keelan_Chase,OW,1,SP,TOTALLY,GOT,491.9,847.2,2359.3,150.4,211.6,1167.6,6881.565,6881.531,6881.711,0.18,ow,stop,apical,voiceless,oral_apical,two_fol_syl,,,T,T,internal,2,SP,T OW1 T AH0 L IY0,G AA1 T,623.4,939.4,476.8,781.5,425.7,626.9,371.2,630.3,437.4,872.5,6,-0.766654376,-1.853064556,Y,0.74,0.594
169,RED_Keelan_Chase,OW,1,SP,TOTALLY,COOL,436.9,695.5,2918.3,71.3,97.5,972.4,7471.569,7471.562,7471.693,0.131,ow,stop,apical,voiceless,oral_apical,two_fol_syl,,,T,T,internal,2,SP,T OW1 T AH0 L IY0,K UW1 L,436.9,695.5,418.9,676.8,414.6,683.2,420.3,750.1,429.5,859.4,5,-1.143417468,-2.159065965,Y,0.885,0.54
170,RED_Keelan_Chase,OW,1,SP,TOTALLY,IT,455.9,874.2,2693.7,168.5,74.1,562.7,7495.668,7495.636,7495.776,0.14,ow,stop,apical,voiceless,oral_apical,two_fol_syl,,,T,T,internal,2,SP,T OW1 T AH0 L IY0,IH1 T,485.0,1014.2,482.4,832.8,463.6,787.5,441.5,798.2,447.7,877.6,5,-1.013262945,-1.798601549,Y,,
171,RED_Keelan_Chase,OW,1,COULD,TOTALLY,PASS,444.0,934.9,2924.4,259.9,179.9,1390.6,8137.68,8137.651,8137.811,0.16,ow,stop,apical,voiceless,oral_apical,two_fol_syl,,,T,T,internal,2,K UH1 D,T OW1 T AH0 L IY0,P AE1 S,500.0,1069.8,480.6,795.3,414.4,721.5,394.7,832.7,381.4,961.6,5,-1.094780778,-1.676160642,Y,0.51,0.324
172,RED_Keelan_Chase,OW,1,NOT,TOTALLY,FAMILIAR,387.0,919.2,2567.0,95.2,219.7,754.7,9151.956,9151.937,9152.037,0.1,ow,stop,apical,voiceless,oral_apical,two_fol_syl,,,T,T,internal,2,N AA1 T,T OW1 T AH0 L IY0,F AH0 M IH1 L Y ER0,402.9,1003.6,404.4,897.3,408.4,867.8,390.5,880.8,391.7,926.1,5,-1.485244347,-1.707829872,Y,0.906,0.33
173,RED_Morrissey_Taylor,OW,1,SP,TOTALLY,ENJOYING,588.6,1569.3,2646.2,105.3,219.6,1295.8,1252.81,1252.8,1252.9,0.1,ow,stop,apical,voiceless,oral_apical,two_fol_syl,,,T,T,internal,2,SP,T OW1 T AH0 L IY0,EH0 N JH OY1 IH0 NG,588.6,1569.3,596.1,1497.0,569.1,1436.5,551.7,1410.9,518.7,1387.8,5,-0.225818178,-0.605141052,Y,0.959,0.725
174,RED_Morrissey_Taylor,OW,1,SP,TOTALLY,FREAKS,497.2,1159.8,2739.0,253.1,347.3,344.5,1797.772,1797.756,1797.835,0.079,ow,stop,apical,voiceless,oral_apical,two_fol_syl,,,T,T,internal,2,SP,T OW1 T AH0 L IY0,F R IY1 K S,512.2,1227.4,509.4,1103.6,521.2,1019.0,503.7,970.8,490.6,955.1,5,-1.022403039,-1.689187802,Y,0.052,0.839
175,RED_Morrissey_Taylor,OW,1,I,TOTALLY,SUPPORT,645.5,1556.7,2774.6,83.5,386.2,433.8,1953.774,1953.767,1953.857,0.09,ow,stop,apical,voiceless,oral_apical,two_fol_syl,,,T,T,internal,2,AY1,T OW1 T AH0 L IY0,S AH0 P AO1 R T,645.5,1556.7,621.8,1458.2,593.7,1332.5,582.4,1250.5,571.3,1135.6,5,0.270086403,-0.638496337,Y,0.811,0.472
176,RED_Morrissey_Taylor,OW,1,AND,TOTALLY,SP,577.4,1596.5,2671.3,125.4,366.2,222.8,2660.494,2660.478,2660.638,0.16,ow,stop,apical,voiceless,oral_apical,two_fol_syl,,,T,T,internal,2,AH0 N D,T OW1 T AH0 L IY0,SP,589.5,1613.0,605.9,1571.3,578.2,1480.3,560.3,1384.5,478.1,1198.2,5,-0.323430327,-0.533135993,N,,
177,RED_Morrissey_Taylor,OW,1,YEAH,TOTALLY,SP,615.9,1555.7,2879.0,92.6,192.3,417.7,2956.115,2956.101,2956.2,0.099,ow,stop,apical,voiceless,oral_apical,two_fol_syl,,,T,T,internal,2,Y AE1,T OW1 T AH0 L IY0,SP,615.9,1555.7,657.1,1529.7,628.7,1453.6,596.3,1339.1,549.4,1291.8,5,0.012111437,-0.641143582,Y,,
178,RED_Morrissey_Taylor,OW,1,SP,TOTALLY,FINE,534.4,1273.8,2815.1,176.5,267.3,234.2,3223.332,3223.311,3223.411,0.1,ow,stop,apical,voiceless,oral_apical,two_fol_syl,,,T,T,internal,2,SP,T OW1 T AH0 L IY0,F AY1 N,570.0,1332.6,580.1,1264.4,603.2,1217.3,569.9,1136.7,552.8,1107.9,5,-0.698191257,-1.387401894,Y,0.823,0.24
179,RED_Morrissey_Taylor,OW,1,REDDING,TOTALLY,FITS,595.2,1358.0,2511.4,78.9,470.5,204.6,3854.501,3854.494,3854.565,0.071,ow,stop,apical,voiceless,oral_apical,two_fol_syl,,,T,T,internal,2,R EH1 D IH0 NG,T OW1 T AH0 L IY0,F IH1 T S,595.2,1358.0,588.3,1319.2,571.7,1258.3,561.8,1206.4,560.2,1206.5,5,-0.168296732,-1.164503881,Y,0.604,0.45
180,RED_Peterson_Sharron,OW,1,SP,TOTALLY,ABOUT,600.0,1108.1,2918.1,197.0,288.8,654.5,627.27,627.243,627.453,0.21,ow,stop,apical,voiceless,oral_apical,two_fol_syl,,,T,T,internal,2,SP,T OW1 T AH0 L IY0,AH0 B AW1 T,600.0,1108.1,638.5,978.6,628.4,901.8,593.8,911.8,480.3,953.4,6,-0.178541394,-1.319749843,Y,,
181,RED_Peterson_Sharron,OW,1,THEM,TOTALLY,ASIDE,536.8,1174.2,2894.0,130.9,114.3,1302.5,3570.192,3570.176,3570.347,0.171,ow,stop,apical,voiceless,oral_apical,two_fol_syl,,,T,T,internal,2,DH EH1 M,T OW1 T AH0 L IY0,AH0 S AY1 D,548.5,1173.7,537.7,1062.4,528.3,1036.9,542.9,1039.4,497.4,990.1,6,-0.555738136,-1.182294838,Y,,
182,RED_Reynolds_Amber,OW,1,ARE,TOTALLY,NORMAL,519.6,1209.0,2970.3,188.6,367.1,633.9,1247.738,1247.719,1247.799,0.08,ow,stop,apical,voiceless,oral_apical,two_fol_syl,,,T,T,internal,2,ER0,T OW1 T AH0 L IY0,N AO1 R M AH0 L,522.2,1243.5,526.8,1196.4,565.5,1199.2,489.9,1229.5,442.9,1290.7,5,-1.321315557,-1.476214615,Y,0.74,0.127
183,RED_Reynolds_Amber,OW,1,AND,TOTALLY,FORGOT,743.0,1136.2,2618.4,278.2,202.7,1195.6,2102.913,2102.898,2102.959,0.061,ow,stop,apical,voiceless,oral_apical,two_fol_syl,,,T,T,internal,2,AH0 N D,T OW1 T AH0 L IY0,F ER0 G AA1 T,721.7,1150.7,739.7,1145.3,743.5,1005.4,728.9,1055.7,726.6,1066.6,6,0.26562538,-1.624126507,Y,0.312,0.382
184,RED_Reynolds_Amber,OW,1,SOMETHING,TOTALLY,AWESOME,738.5,1171.9,3128.3,426.9,236.2,314.7,2473.887,2473.873,2473.993,0.12,ow,stop,apical,voiceless,oral_apical,two_fol_syl,,,T,T,internal,2,S AH1 M TH IH0 NG,T OW1 T AH0 L IY0,AA1 S AH0 M,744.2,1177.2,740.5,1131.6,682.3,1069.3,666.9,1064.2,625.6,1206.4,5,0.233659246,-1.551592791,Y,0.98,0.897
185,RED_Reynolds_Amber,OW,1,WERE,TOTALLY,WEIRD,695.4,1304.2,2861.4,143.1,290.9,454.8,2515.7,2515.693,2515.752,0.059,ow,stop,apical,voiceless,oral_apical,two_fol_syl,,,T,T,internal,2,W ER0,T OW1 T AH0 L IY0,W IH1 R D,695.4,1304.2,695.4,1304.2,649.5,1373.9,626.4,1479.3,625.7,1489.9,5,-0.072505276,-1.282791372,Y,0.26,0.66
186,RED_Reynolds_Amber,OW,1,I,TOTALLY,STAYED,616.7,1204.9,3156.4,270.4,183.1,935.2,2553.492,2553.473,2553.583,0.11,ow,stop,apical,voiceless,oral_apical,two_fol_syl,,,T,T,internal,2,AY1,T OW1 T AH0 L IY0,S T EY1 D,573.1,1188.0,696.9,1198.3,644.2,1218.1,514.4,1130.0,474.3,1274.8,5,-0.631557433,-1.484544818,Y,0.604,0.275
187,RED_Reynolds_Amber,OW,1,A,TOTALLY,NORMAL,718.0,1611.0,2621.2,71.6,152.2,374.9,2697.377,2697.367,2697.417,0.05,ow,stop,apical,voiceless,oral_apical,two_fol_syl,,,T,T,internal,2,AH0,T OW1 T AH0 L IY0,N AO1 R M AH0 L,718.0,1611.0,718.0,1611.0,720.1,1605.3,676.0,1599.2,676.0,1599.2,5,0.08803575,-0.6594484,Y,0.74,0.127
188,RED_Reynolds_Amber,OW,1,IS,TOTALLY,FREAKING,712.5,1679.0,3568.4,280.8,199.6,545.7,3120.983,3120.976,3121.036,0.06,ow,stop,apical,voiceless,oral_apical,two_fol_syl,,,T,T,internal,2,IH1 Z,T OW1 T AH0 L IY0,F R IY1 K AH0 N,712.5,1679.0,687.9,1607.8,667.3,1367.6,668.7,1379.5,668.7,1379.4,4,0.048966031,-0.521288941,Y,0.052,0.839
189,RED_Sandifer_Brenda,OW,1,SP,TOTALLY,BLOCKED,623.3,1124.8,2596.0,109.8,296.5,559.7,1044.087,1044.079,1044.138,0.059,ow,stop,apical,voiceless,oral_apical,two_fol_syl,,,T,T,internal,2,SP,T OW1 T AH0 L IY0,B L AA1 K T,623.3,1124.8,623.3,1124.8,602.0,1093.9,582.5,1111.2,580.8,1114.3,5,-0.182545289,-1.788218692,Y,0.286,0.35
190,RED_Vinzant_Rick,OW,1,SP,TOTALLY,DEMOLISHED,412.0,833.9,2398.7,47.5,222.1,743.4,1611.644,1611.612,1611.742,0.13,ow,stop,apical,voiceless,oral_apical,two_fol_syl,,,T,T,internal,2,SP,T OW1 T AH0 L IY0,D IH2 M AA1 L IH0 SH T,397.8,855.9,408.8,841.7,413.7,857.6,412.5,938.0,342.5,931.6,5,-0.58201542,-1.799578775,Y,0.125,0.632
191,RED_Vinzant_Rick,OW,1,WAS,TOTALLY,SP,506.1,822.4,2378.5,100.7,260.7,1142.4,3849.55,3849.514,3849.675,0.161,ow,stop,apical,voiceless,oral_apical,two_fol_syl,,,T,T,internal,2,W AH0 Z,T OW1 T AH0 L IY0,SP,443.2,969.2,513.4,814.1,524.2,901.9,512.1,909.6,430.3,827.7,6,0.091313109,-1.827923662,Y,,
192,RED_Vinzant_Rick,OW,1,THEY'RE,TOTALLY,AGAINST,566.4,1268.4,2522.6,319.2,326.1,439.9,7027.483,7027.473,7027.592,0.119,ow,stop,apical,voiceless,oral_apical,two_fol_syl,,,T,T,internal,2,DH EH1 R,T OW1 T AH0 L IY0,AH0 G EH1 N S T,566.4,1268.4,416.4,966.5,418.2,1015.9,412.9,827.1,457.6,1101.9,5,0.522787181,-0.728635009,Y,,
193,RED_Vinzant_Rick,OW,1,THEY'RE,TOTALLY,SP,454.0,930.6,2120.4,163.0,344.4,921.0,7029.907,7029.9,7030.051,0.151,ow,stop,apical,voiceless,oral_apical,two_fol_syl,,,T,T,internal,2,DH EH1 R,T OW1 T AH0 L IY0,SP,445.4,917.8,450.7,1005.3,448.1,952.7,474.3,994.0,452.3,1033.2,6,-0.281486215,-1.561235248,Y,,
194,SAC_Arghittu_Allen,OW,1,SP,TOTALLY,FOR,630.2,1459.2,2912.7,467.1,431.7,407.2,1967.696,1967.681,1967.76,0.079,ow,stop,apical,voiceless,oral_apical,two_fol_syl,,,T,T,internal,2,SP,T OW1 T AH0 L IY0,F AO1 R,694.0,1624.3,559.4,1223.2,474.2,937.2,450.7,931.9,448.1,936.8,5,0.422185267,-0.396393706,Y,,
195,SAC_Arghittu_Allen,OW,1,SP,TOTALLY,FOR,513.8,912.6,2326.1,243.6,178.3,727.5,2059.882,2059.863,2059.944,0.081,ow,stop,apical,voiceless,oral_apical,two_fol_syl,,,T,T,internal,2,SP,T OW1 T AH0 L IY0,F AO1 R,568.6,942.3,503.2,901.8,465.3,861.7,446.2,852.4,435.6,851.0,5,-0.561523817,-1.867928658,Y,,
196,SAC_Arias_Patricia,OW,1,A,TOTALLY,IT,531.5,1164.1,2875.6,284.6,275.6,593.2,1251.257,1251.232,1251.472,0.24,ow,stop,apical,voiceless,oral_apical,two_fol_syl,,,T,T,internal,2,AH0,T OW1 T AH0 L IY0,IH1 T,466.9,806.0,462.3,695.9,439.1,677.7,452.5,746.2,464.9,931.9,5,-0.574504479,-1.479588161,Y,,
197,SAC_Arias_Patricia,OW,1,WAS,TOTALLY,DIFFERENT,713.0,993.4,2543.4,417.4,302.8,232.9,1256.721,1256.708,1256.818,0.11,ow,stop,apical,voiceless,oral_apical,two_fol_syl,,,T,T,internal,2,W AH0 Z,T OW1 T AH0 L IY0,D IH1 F R AH0 N T,720.5,1000.6,625.6,847.5,531.0,750.2,478.9,747.5,456.3,748.4,6,0.528219569,-1.912729926,Y,0.612,0.394
198,SAC_Arias_Patricia,OW,1,IT,TOTALLY,LOST,737.0,1124.4,2638.6,231.2,220.7,288.0,1382.476,1382.462,1382.532,0.07,ow,stop,apical,voiceless,oral_apical,two_fol_syl,,,T,T,internal,2,IH1 T,T OW1 T AH0 L IY0,L AO1 S T,762.9,1150.5,692.3,1089.5,562.9,967.5,546.7,983.8,548.7,987.3,6,0.674034319,-1.580324705,Y,0.115,0.538
199,SAC_Arias_Patricia,OW,1,SP,TOTALLY,MIXED,551.7,934.0,2672.8,323.8,322.6,637.8,3053.757,3053.741,3053.91,0.169,ow,stop,apical,voiceless,oral_apical,two_fol_syl,,,T,T,internal,2,SP,T OW1 T AH0 L IY0,M IH1 K S T,514.5,820.1,494.7,762.6,518.0,800.1,480.2,759.9,434.3,856.5,6,-0.451777064,-2.063454125,Y,0.542,0.49
200,SAC_Arias_Patricia,OW,1,A,TOTALLY,DIFFERENT,593.2,1087.4,2355.2,198.6,62.6,512.1,4347.795,4347.784,4347.844,0.06,ow,stop,apical,voiceless,oral_apical,two_fol_syl,,,T,T,internal,2,AH0,T OW1 T AH0 L IY0,D IH1 F R AH0 N T,593.2,1087.4,595.1,1084.0,597.0,1035.8,590.5,1029.0,591.5,1030.6,5,-0.199639059,-1.674210149,Y,0.612,0.394
201,SAC_Arias_Patricia,OW,1,IS,TOTALLY,DIFFERENT,577.4,1203.2,2031.4,265.6,100.3,632.0,4372.242,4372.227,4372.287,0.06,ow,stop,apical,voiceless,oral_apical,two_fol_syl,,,T,T,internal,2,IH1 Z,T OW1 T AH0 L IY0,D IH1 F ER0 AH0 N T,560.0,1213.3,569.2,1208.1,626.6,1166.1,621.4,1123.8,621.2,1121.6,5,-0.295633769,-1.380374083,Y,0.612,0.394
202,SAC_Bethell_William,OW,1,WAS,TOTALLY,INADEQUATE,415.2,844.3,2012.8,141.8,123.6,379.5,4283.061,4283.037,4283.137,0.1,ow,stop,apical,voiceless,oral_apical,two_fol_syl,,,T,T,internal,2,W AH1 Z,T OW1 T AH0 L IY0,IH2 N AE1 D AH0 K W AH0 T,396.0,941.3,417.3,832.8,422.8,812.0,420.4,748.1,418.4,867.2,5,-0.748355104,-1.972176029,Y,0.122,0.45
203,SAC_Billeci_Lorre,OW,1,BE,TOTALLY,UNIQUE,604.9,1399.9,2613.6,312.8,221.8,151.6,2289.143,2289.129,2289.21,0.081,ow,stop,apical,voiceless,oral_apical,two_fol_syl,,,T,T,internal,2,B IY0,T OW1 T AH0 L IY0,Y UW0 N IY1 K,621.3,1417.4,592.0,1345.9,578.4,1242.1,556.5,1233.0,538.8,1223.7,5,0.118132071,-0.917563615,Y,0.823,0.347
204,SAC_Brandenburger_Linda,OW,1,SP,TOTALLY,STRAIGHT,638.4,1297.6,2752.8,239.8,307.6,193.6,2733.317,2733.307,2733.427,0.12,ow,stop,apical,voiceless,oral_apical,two_fol_syl,,,T,T,internal,2,SP,T OW1 T AH0 L IY0,S T R EY1 T,638.4,1297.6,576.5,1192.3,510.0,1200.0,509.1,1291.7,497.5,1288.3,5,0.487778087,-1.142033625,Y,,
205,SAC_Buhler_Alison,OW,1,SP,TOTALLY,DIFFERENT,636.5,1054.9,3005.4,231.7,155.0,177.1,2024.134,2024.114,2024.213,0.099,ow,stop,apical,voiceless,oral_apical,two_fol_syl,,,T,T,internal,2,SP,T OW1 T AH0 L IY0,D IH1 F ER0 AH0 N T,721.3,1113.1,647.7,1048.9,586.0,1075.2,563.4,1079.7,558.9,1102.9,5,0.115284962,-1.961136082,Y,0.612,0.394
206,SAC_Buhler_Alison,OW,1,SP,TOTALLY,UNIQUE,609.8,1125.2,3107.3,169.7,181.4,225.7,3351.792,3351.781,3351.891,0.11,ow,stop,apical,voiceless,oral_apical,two_fol_syl,,,T,T,internal,2,SP,T OW1 T AH0 L IY0,Y UW0 N IY1 K,609.8,1125.2,625.3,1065.0,630.0,1176.2,626.5,1251.0,580.8,1239.1,5,-0.045268572,-1.788142971,Y,0.823,0.347
207,SAC_Celis_Rachel,OW,1,SP,TOTALLY,ENCOURAGED,683.8,1038.2,2482.1,201.2,90.3,255.9,665.03,665.023,665.132,0.109,ow,stop,apical,voiceless,oral_apical,two_fol_syl,,,T,T,internal,2,SP,T OW1 T AH0 L IY0,EH0 N K ER1 AH0 JH D,683.8,1038.2,608.8,955.9,568.5,916.5,572.4,905.4,532.4,934.4,6,0.254200209,-2.031483847,Y,0.896,0.58
208,SAC_Celis_Rachel,OW,1,YEAH,TOTALLY,SP,748.5,1206.7,2447.3,170.3,944.1,473.7,1449.929,1449.922,1450.062,0.14,ow,stop,apical,voiceless,oral_apical,two_fol_syl,,,T,T,internal,2,Y AE1,T OW1 T AH0 L IY0,SP,744.8,1168.0,680.4,958.1,450.6,1120.2,721.1,1855.5,586.4,1842.9,5,0.68152182,-1.57769411,Y,,
209,SAC_Celis_Rachel,OW,1,THEY,TOTALLY,FIXED,528.4,971.1,2585.0,318.5,96.7,376.9,3279.311,3279.288,3279.398,0.11,ow,stop,apical,voiceless,oral_apical,two_fol_syl,,,T,T,internal,2,DH EY1,T OW1 T AH0 L IY0,F IH1 K S T,635.3,1065.9,450.9,845.5,480.5,887.9,496.4,920.4,462.5,962.4,6,-0.772164217,-2.212191807,Y,0.76,0.538
210,SAC_Celis_Rachel,OW,1,YEAH,TOTALLY,CONVERTED,524.0,990.5,2584.6,168.2,140.2,315.6,3362.416,3362.401,3362.5,0.099,ow,stop,apical,voiceless,oral_apical,two_fol_syl,,,T,T,internal,2,Y AE1,T OW1 T AH0 L IY0,K AH0 N V ER1 T AH0 D,536.6,1002.8,543.9,985.2,534.3,896.0,514.6,815.1,500.2,844.6,5,-0.801224728,-2.159945392,Y,0.551,0.538
211,SAC_Celis_Rachel,OW,1,I,TOTALLY,CONVERTED,688.9,1421.2,2434.2,122.3,303.6,220.0,3396.798,3396.791,3396.881,0.09,ow,stop,apical,voiceless,oral_apical,two_fol_syl,,,T,T,internal,2,AY1,T OW1 T AH0 L IY0,K AH0 N V ER1 T AH0 D,688.9,1421.2,633.0,1275.3,646.9,1153.5,612.7,1131.7,577.7,1117.5,6,0.287883983,-1.000021121,Y,0.551,0.538
212,SAC_Celis_Rachel,OW,1,LIKE,TOTALLY,NOT,583.9,1182.2,2210.3,540.9,616.4,961.4,3668.576,3668.569,3668.699,0.13,ow,stop,apical,voiceless,oral_apical,two_fol_syl,,,T,T,internal,2,L AY1 K,T OW1 T AH0 L IY0,N AA1 T,583.9,1182.2,577.3,1184.5,563.9,1028.4,531.8,1102.9,459.8,1125.1,5,-0.405605493,-1.643675407,Y,,
213,SAC_Celis_Rachel,OW,1,I'M,TOTALLY,NOT,492.6,1152.0,2211.7,189.5,99.4,269.4,3674.564,3674.556,3674.626,0.07,ow,stop,apical,voiceless,oral_apical,two_fol_syl,,,T,T,internal,2,AY1 M,T OW1 T AH0 L IY0,N AA1 T,492.6,1152.0,487.9,1150.4,461.3,1099.7,450.1,1092.8,451.1,1097.4,5,-1.008611105,-1.725007455,Y,,
214,SAC_Celis_Rachel,OW,1,COULD,TOTALLY,DO,440.3,886.3,2060.9,74.6,80.3,348.8,3979.882,3979.736,3980.055,0.319,ow,stop,apical,voiceless,oral_apical,two_fol_syl,,,T,T,internal,2,K UH1 D,T OW1 T AH0 L IY0,D UW1,443.8,1086.3,494.2,882.2,444.4,892.1,448.3,958.9,416.3,908.7,5,-1.354034911,-2.440567888,Y,0.67,0.548
215,SAC_Celis_Rachel,OW,1,SP,TOTALLY,AND,619.7,1139.8,2617.1,201.2,104.3,308.9,5394.767,5394.754,5394.884,0.13,ow,stop,apical,voiceless,oral_apical,two_fol_syl,,,T,T,internal,2,SP,T OW1 T AH0 L IY0,AE1 N D,630.8,1148.9,534.9,1023.9,454.0,922.9,432.5,911.1,483.9,1081.3,5,-0.169158605,-1.757863447,Y,,
216,SAC_Chapman_Ashley,OW,1,JUST,TOTALLY,DON'T,513.0,939.2,2584.4,70.9,91.9,491.5,3388.254,3388.224,3388.344,0.12,ow,stop,apical,voiceless,oral_apical,two_fol_syl,,,T,T,internal,2,JH AH0 S T,T OW1 T AH0 L IY0,D OW1 N,508.9,1133.2,521.3,927.6,533.5,905.5,518.5,880.9,513.0,894.5,5,-1.357590886,-2.056263838,Y,,
217,SAC_Confid_001,OW,1,SP,TOTALLY,WHITE,502.5,1342.7,2355.9,189.3,271.8,2336.7,1265.99,1265.981,1266.07,0.089,ow,stop,apical,voiceless,oral_apical,two_fol_syl,,,T,T,internal,2,SP,T OW1 T AH0 L IY0,W AY1 T,502.5,1342.7,505.9,1285.7,484.0,1111.7,471.0,1106.7,462.2,1121.4,6,-0.64039142,-1.14918221,Y,,
218,SAC_Confid_001,OW,1,SP,TOTALLY,OPPOSITE,771.9,1718.3,3072.9,652.7,509.9,1047.3,1314.306,1314.299,1314.358,0.059,ow,stop,apical,voiceless,oral_apical,two_fol_syl,,,T,T,internal,2,SP,T OW1 T AH0 L IY0,AA1 P Z AH0 T,771.9,1718.3,771.9,1718.3,558.3,1073.9,593.2,1268.6,593.3,1289.1,5,1.165403234,-0.196120242,Y,0.235,0.545
219,SAC_Confid_001,OW,1,AM,TOTALLY,AGAINST,565.2,1396.5,2774.4,220.2,332.5,414.2,3797.436,3797.427,3797.507,0.08,ow,stop,apical,voiceless,oral_apical,two_fol_syl,,,T,T,internal,2,AE1 M,T OW1 T AH0 L IY0,AH0 G EH1 N S T,565.2,1396.5,569.2,1315.1,544.8,1265.6,541.5,1129.0,539.3,1086.6,5,-0.220111818,-1.012668009,Y,,
220,SAC_Confid_001,OW,1,A,TOTALLY,SP,619.0,1060.7,2207.2,544.0,423.0,658.9,4911.488,4911.473,4911.563,0.09,ow,stop,apical,voiceless,oral_apical,two_fol_syl,,,T,T,internal,2,AH0,T OW1 T AH0 L IY0,SP,646.0,1076.5,546.1,1040.7,541.2,1074.4,540.0,1094.6,523.0,1117.3,6,0.140510871,-1.864739917,Y,,
221,SAC_Deeringer_Andrew,OW,1,SP,TOTALLY,MISERABLE,419.8,655.5,2442.8,84.5,39.4,63.8,2824.553,2824.542,2824.673,0.131,ow,stop,apical,voiceless,oral_apical,two_fol_syl,,,T,T,internal,2,SP,T OW1 T AH0 L IY0,M IH1 Z ER0 AH0 B AH0 L,419.8,655.5,418.0,663.7,411.5,657.7,435.3,663.7,436.4,784.0,6,-1.176732989,-2.46511683,Y,0.062,0.461
222,SAC_Deeringer_Andrew,OW,1,YEAH,TOTALLY,MAN,487.8,1146.9,2015.8,31.1,146.3,111.8,3683.332,3683.292,3683.452,0.16,ow,stop,apical,voiceless,oral_apical,two_fol_syl,,,T,T,internal,2,Y AE1,T OW1 T AH0 L IY0,M AE1 N,493.9,1211.5,491.5,1138.2,544.1,1173.1,572.8,1205.7,569.5,1288.1,6,-0.554238843,-1.017315258,Y,,
223,SAC_Duffy_Christina,OW,1,SP,TOTALLY,{LG},534.3,1284.4,2764.1,82.1,170.1,167.7,1088.791,1088.78,1088.9,0.12,ow,stop,apical,voiceless,oral_apical,two_fol_syl,,,T,T,internal,2,SP,T OW1 T AH0 L IY0,LG,534.3,1284.4,535.5,1278.6,529.8,1245.9,534.9,1227.7,521.7,1208.6,5,-0.906913889,-1.194306682,Y,,
224,SAC_Encinas_Joseph,OW,1,OH,TOTALLY,SP,614.3,1026.1,2616.7,144.4,237.4,293.9,3717.021,3717.007,3717.177,0.17,ow,stop,apical,voiceless,oral_apical,two_fol_syl,,,T,T,internal,2,OW1,T OW1 T AH0 L IY0,SP,592.2,965.1,531.4,892.6,503.0,821.9,511.1,794.0,499.4,980.7,5,-0.087786874,-2.001200903,Y,,
225,SAC_Encinas_Joseph,OW,1,OH,TOTALLY,SP,599.7,1019.3,2775.1,104.2,133.7,117.6,3842.22,3842.208,3842.407,0.199,ow,stop,apical,voiceless,oral_apical,two_fol_syl,,,T,T,internal,2,OW1,T OW1 T AH0 L IY0,SP,542.3,903.7,532.3,819.5,494.2,795.7,497.2,851.0,489.1,1039.0,5,-0.188761319,-2.019926245,Y,,
226,SAC_Encinas_Joseph,OW,1,SP,TOTALLY,SP,566.2,933.5,2835.3,112.4,58.0,535.6,3843.448,3843.441,3843.72,0.279,ow,stop,apical,voiceless,oral_apical,two_fol_syl,,,T,T,internal,2,SP,T OW1 T AH0 L IY0,SP,550.9,921.2,537.0,943.2,528.9,931.6,530.3,912.1,517.2,1017.4,4,-0.420449258,-2.256195996,Y,,
227,SAC_Evans_Kelsey,OW,1,IT'S,TOTALLY,ACCEPTABLE,722.7,1300.0,2164.5,229.4,165.1,183.4,210.19,210.181,210.251,0.07,ow,stop,apical,voiceless,oral_apical,two_fol_syl,,,T,T,internal,2,IH1 T S,T OW1 T AH0 L IY0,AE0 K S EH1 P T AH0 B AH0 L,722.7,1300.0,728.3,1315.6,654.4,1301.5,573.4,1283.0,557.8,1277.5,6,0.658921507,-1.044742191,Y,0.812,0.286
228,SAC_Evans_Kelsey,OW,1,SP,TOTALLY,SP,684.9,1310.2,2350.8,216.4,213.2,364.1,653.757,653.739,653.899,0.16,ow,stop,apical,voiceless,oral_apical,two_fol_syl,,,T,T,internal,2,SP,T OW1 T AH0 L IY0,SP,683.0,1320.3,709.8,1220.4,624.4,1104.0,586.4,1176.5,577.0,1285.1,5,0.376707696,-1.014866395,Y,,
229,SAC_Evans_Kelsey,OW,1,SP,TOTALLY,A,553.9,1201.3,2545.1,111.8,150.6,305.8,1098.492,1098.482,1098.552,0.07,ow,stop,apical,voiceless,oral_apical,two_fol_syl,,,T,T,internal,2,SP,T OW1 T AH0 L IY0,EY1,553.9,1201.3,564.2,1228.5,544.8,1288.7,494.0,1320.3,477.7,1337.2,6,-0.601334877,-1.333834456,Y,,
230,SAC_Fisher_Regina,OW,1,SP,TOTALLY,DIFFERENT,655.5,1249.2,2749.7,256.2,146.8,259.9,1248.531,1248.516,1248.656,0.14,ow,stop,apical,voiceless,oral_apical,two_fol_syl,,,T,T,internal,2,SP,T OW1 T AH0 L IY0,D IH1 F R AH0 N T,667.4,1260.4,636.4,1101.0,548.6,956.4,498.7,1003.7,446.5,1042.3,5,0.347656682,-1.097118288,Y,0.612,0.394
231,SAC_Hamay_Ahmed,OW,1,SP,TOTALLY,LIKE,478.2,986.5,2463.9,40.9,182.1,309.1,2075.343,2075.326,2075.397,0.071,ow,stop,apical,voiceless,oral_apical,two_fol_syl,,,T,T,internal,2,SP,T OW1 T AH0 L IY0,L AY1 K,473.6,1002.1,478.2,986.5,486.9,944.2,490.1,925.4,488.7,904.4,6,-0.522942795,-1.930753074,Y,0.719,0.353
232,SAC_Hencken_Sally,OW,1,I'M,TOTALLY,OFF,635.8,1469.7,3244.6,133.6,196.6,630.2,3454.668,3454.661,3454.732,0.071,ow,stop,apical,voiceless,oral_apical,two_fol_syl,,,T,T,internal,2,AY1 M,T OW1 T AH0 L IY0,AO1 F,635.8,1469.7,629.2,1460.5,602.2,1410.0,596.8,1389.4,592.3,1391.2,4,0.000491569,-0.758064306,Y,,
233,SAC_Hencken_Sally,OW,1,JUST,TOTALLY,DISGUSTED,641.0,1611.5,2770.6,187.8,202.6,1368.4,3729.152,3729.145,3729.205,0.06,ow,stop,apical,voiceless,oral_apical,two_fol_syl,,,T,T,internal,2,JH AH0 S T,T OW1 T AH0 L IY0,D IH2 S G AH1 S T AH0 D,641.0,1611.5,639.5,1607.7,603.4,1560.3,571.6,1526.3,568.0,1522.1,5,0.030266617,-0.449939612,Y,0.052,0.775
234,SAC_Holmes_Bruce,OW,1,SP,TOTALLY,DIFFERENT,446.3,885.2,2498.2,272.5,126.0,263.1,3371.524,3371.505,3371.625,0.12,ow,stop,apical,voiceless,oral_apical,two_fol_syl,,,T,T,internal,2,SP,T OW1 T AH0 L IY0,D IH1 F ER0 AH0 N T,455.0,1042.6,494.1,860.5,474.9,834.0,457.7,841.6,459.0,869.5,5,-0.599763227,-1.847548013,Y,0.612,0.394
235,SAC_Ineichen_Melissa,OW,1,WAS,TOTALLY,DIFFERENT,632.5,1473.4,2591.9,407.3,934.9,979.1,1423.35,1423.332,1423.572,0.24,ow,stop,apical,voiceless,oral_apical,two_fol_syl,,,T,T,internal,2,W AH1 Z,T OW1 T AH0 L IY0,D IH1 F R AH0 N T,464.9,897.6,484.6,826.5,477.1,894.0,499.4,826.0,491.0,970.7,5,-0.25334594,-0.796653048,Y,0.612,0.394
236,SAC_Ineichen_Melissa,OW,1,NOT,TOTALLY,FOCUSED,789.6,1327.3,2474.9,336.8,637.2,292.3,3066.77,3066.761,3066.851,0.09,ow,stop,apical,voiceless,oral_apical,two_fol_syl,,,T,T,internal,2,N AA1 T,T OW1 T AH0 L IY0,F OW1 K AH0 S T,789.6,1327.3,708.0,1172.8,585.2,1072.1,502.3,1016.2,509.4,1008.6,6,0.71319371,-1.181308129,Y,0.69,0.382
237,SAC_Kauffman_Stephen,OW,1,BECAME,TOTALLY,NON,451.2,1193.8,2197.3,44.5,340.9,98.2,312.959,312.932,313.042,0.11,ow,stop,apical,voiceless,oral_apical,two_fol_syl,,,T,T,internal,2,B IY0 K EY1 M,T OW1 T AH0 L IY0,N AA1 N,447.7,1327.5,449.9,1172.8,459.9,1087.6,445.7,1082.8,426.4,1077.2,6,-0.361787086,-0.789527049,Y,,
238,SAC_Kauffman_Stephen,OW,1,THEY'RE,TOTALLY,SCHEDULED,491.3,1140.1,2167.4,107.0,243.8,173.4,668.654,668.646,668.767,0.121,ow,stop,apical,voiceless,oral_apical,two_fol_syl,,,T,T,internal,2,DH EH1 R,T OW1 T AH0 L IY0,S K EH1 JH UW0 L D,491.3,1140.1,490.1,1035.9,488.4,1030.6,479.4,1075.7,459.7,1120.8,6,0.114649757,-0.942727973,Y,0.51,0.38
239,SAC_Kauffman_Stephen,OW,1,SP,TOTALLY,OPPOSITE,462.8,1233.3,2212.5,139.8,224.6,488.9,2041.63,2041.615,2041.685,0.07,ow,stop,apical,voiceless,oral_apical,two_fol_syl,,,T,T,internal,2,SP,T OW1 T AH0 L IY0,AA1 P Z AH0 T,475.8,1277.5,465.3,1223.2,491.6,1128.9,481.8,1106.1,477.9,1101.9,6,-0.223964957,-0.676837356,Y,0.235,0.545
240,SAC_Kauffman_Stephen,OW,1,A,TOTALLY,DIFFERENT,463.7,1226.9,2255.3,77.9,187.0,168.2,2084.91,2084.903,2085.013,0.11,ow,stop,apical,voiceless,oral_apical,two_fol_syl,,,T,T,internal,2,AH0,T OW1 T AH0 L IY0,D IH1 F R AH0 N T,463.7,1226.9,459.4,1140.3,455.5,1052.1,449.1,1007.1,429.4,917.6,6,-0.213271861,-0.695095939,Y,0.612,0.394
241,SAC_Kennedy_Tristina,OW,1,YOU,TOTALLY,INDULGE,592.5,1260.2,2146.1,408.7,261.8,1225.3,2707.566,2707.549,2707.618,0.069,ow,stop,apical,voiceless,oral_apical,two_fol_syl,,,T,T,internal,2,Y UW1,T OW1 T AH0 L IY0,IH2 N D AH1 L JH,603.2,1311.5,592.5,1260.2,571.3,1105.8,553.0,1120.8,550.5,1143.9,5,-0.397001854,-1.123646095,Y,0.833,0.716
242,SAC_Kercheval_Linda,OW,1,SP,TOTALLY,WEIRD,592.7,1113.4,2594.8,372.3,246.8,406.6,248.68,248.67,248.749,0.079,ow,stop,apical,voiceless,oral_apical,two_fol_syl,,,T,T,internal,2,SP,T OW1 T AH0 L IY0,W IH1 R D,592.7,1113.4,519.6,1064.0,479.1,1080.5,419.8,1003.0,408.5,965.2,6,-0.010737712,-1.518619302,Y,0.26,0.66
243,SAC_Kercheval_Linda,OW,1,WAS,TOTALLY,ENRAGED,530.0,1186.4,2632.5,182.5,162.9,401.0,1998.907,1998.889,1999.008,0.119,ow,stop,apical,voiceless,oral_apical,two_fol_syl,,,T,T,internal,2,W AH0 Z,T OW1 T AH0 L IY0,EH0 N R EY1 JH D,574.8,1205.8,524.1,1207.2,487.3,1072.2,485.5,1099.7,422.8,1200.6,6,-0.421776297,-1.353874243,Y,,
244,SAC_Kercheval_Linda,OW,1,SP,TOTALLY,NOT,555.4,1097.2,2642.6,127.5,161.0,359.2,3427.528,3427.521,3427.6,0.079,ow,stop,apical,voiceless,oral_apical,two_fol_syl,,,T,T,internal,2,SP,T OW1 T AH0 L IY0,N AA1 T,555.4,1097.2,543.3,1097.9,512.6,1047.6,482.8,971.6,469.2,960.9,6,-0.255263058,-1.555179165,Y,,
245,SAC_Lecluse_Tamika,OW,1,THEY,TOTALLY,SP,637.3,1249.8,2622.1,277.4,141.8,1909.8,2995.149,2995.13,2995.23,0.1,ow,stop,apical,voiceless,oral_apical,two_fol_syl,,,T,T,internal,2,DH EY1,T OW1 T AH0 L IY0,SP,732.3,1285.8,606.0,1216.2,594.4,1193.3,580.8,1178.2,574.8,1211.3,5,0.158647924,-1.31951509,Y,,
246,SAC_Lecluse_Tamika,OW,1,IT'S,TOTALLY,MEANT,555.1,974.5,2241.5,301.9,186.9,664.0,4936.017,4935.999,4936.078,0.079,ow,stop,apical,voiceless,oral_apical,two_fol_syl,,,T,T,internal,2,IH1 T S,T OW1 T AH0 L IY0,M EH1 N T,530.3,983.9,562.7,982.2,595.4,1041.4,538.1,1166.6,508.2,1265.2,6,-0.374245107,-1.943189257,Y,0.44,0.467
247,SAC_Lecluse_Tamika,OW,1,I,TOTALLY,WOULD,412.4,959.5,2613.4,215.0,89.3,159.3,5357.54,5357.465,5357.765,0.3,ow,stop,apical,voiceless,oral_apical,two_fol_syl,,,T,T,internal,2,AY1,T OW1 T AH0 L IY0,W UH1 D,427.8,955.6,419.4,957.3,457.3,927.2,451.6,937.5,487.4,930.5,5,-1.299352596,-1.977170777,Y,0.493,0.412
248,SAC_Lehr_Justin,OW,1,LOOKED,TOTALLY,NORMAL,527.6,1229.9,1974.5,105.1,171.2,174.0,1025.065,1025.048,1025.128,0.08,ow,stop,apical,voiceless,oral_apical,two_fol_syl,,,T,T,internal,2,L UH1 K T,T OW1 T AH0 L IY0,N AO1 R M AH0 L,539.0,1305.8,519.2,1179.4,492.3,1000.5,477.4,974.8,466.2,992.9,6,0.071839534,-0.815076267,Y,0.74,0.127
249,SAC_Lew_Janice,OW,1,YOU'RE,TOTALLY,EXHAUSTED,707.2,1188.8,2661.5,167.3,268.4,662.4,1128.009,1127.994,1128.083,0.089,ow,stop,apical,voiceless,oral_apical,two_fol_syl,,,T,T,internal,2,Y UH1 R,T OW1 T AH0 L IY0,IH0 G Z AO1 S T AH0 D,699.1,1197.8,731.0,1209.1,727.6,1268.0,713.1,1320.3,673.9,1336.4,5,0.33841466,-1.380332271,Y,0.546,0.71
250,SAC_Lovine_Sonya,OW,1,YEAH,TOTALLY,{LG},596.7,1008.4,1976.7,325.8,209.5,1350.2,737.567,737.537,737.657,0.12,ow,stop,apical,voiceless,oral_apical,two_fol_syl,,,T,T,internal,2,Y AE1,T OW1 T AH0 L IY0,LG,503.7,1068.1,619.5,988.6,671.5,1119.2,587.5,928.9,573.3,893.9,6,-0.526496216,-2.083082842,Y,,
251,SAC_Lovine_Sonya,OW,1,SP,TOTALLY,SP,716.7,1243.2,3008.9,345.0,441.0,358.0,2724.152,2724.145,2724.205,0.06,ow,stop,apical,voiceless,oral_apical,two_fol_syl,,,T,T,internal,2,SP,T OW1 T AH0 L IY0,SP,716.7,1243.2,712.6,1226.0,713.3,1222.2,678.6,1204.5,673.4,1203.0,5,0.273773346,-1.513357797,Y,,
252,SAC_Ludwig_Joshua,OW,1,SP,TOTALLY,DIFFERENT,512.3,1049.2,2636.0,196.5,77.5,201.3,1745.408,1745.363,1745.533,0.17,ow,stop,apical,voiceless,oral_apical,two_fol_syl,,,T,T,internal,2,SP,T OW1 T AH0 L IY0,D IH1 F R AH0 N T,728.9,1508.1,499.1,1021.8,474.6,907.7,436.0,897.8,415.7,989.6,5,-0.403278221,-1.606201379,Y,0.612,0.394
253,SAC_Ludwig_Joshua,OW,1,A,TOTALLY,DIFFERENT,494.0,941.8,2444.3,127.1,123.0,171.0,4455.001,4454.942,4455.083,0.141,ow,stop,apical,voiceless,oral_apical,two_fol_syl,,,T,T,internal,2,AH0,T OW1 T AH0 L IY0,D IH1 F R AH0 N T,727.1,1336.5,644.2,1037.4,461.7,882.8,439.8,877.7,432.1,932.1,6,-0.52058925,-1.879544963,Y,0.612,0.394
254,SAC_Manley_Sara,OW,1,SP,TOTALLY,BUT,728.6,1915.6,3680.3,297.0,275.5,433.6,238.393,238.382,238.552,0.17,ow,stop,apical,voiceless,oral_apical,two_fol_syl,,,T,T,internal,2,SP,T OW1 T AH0 L IY0,B AH1 T,604.5,1337.9,491.3,873.9,463.7,834.5,461.9,907.1,444.9,1173.0,4,0.461352077,0.44637263,Y,,
255,SAC_Manley_Sara,OW,1,COULD,TOTALLY,TELL,541.6,1272.6,2564.1,176.5,112.7,528.7,562.084,562.067,562.166,0.099,ow,stop,apical,voiceless,oral_apical,two_fol_syl,,,T,T,internal,2,K UH1 D,T OW1 T AH0 L IY0,T EH1 L,550.4,1309.2,543.4,1226.2,532.5,1229.6,497.4,1266.0,478.6,1337.8,5,-0.914566909,-1.414823033,Y,0.551,0.35
256,SAC_Manley_Sara,OW,1,LIKE,TOTALLY,LYING,566.0,1252.3,2449.3,99.4,121.7,534.0,810.657,810.65,810.73,0.08,ow,stop,apical,voiceless,oral_apical,two_fol_syl,,,T,T,internal,2,L AY1 K,T OW1 T AH0 L IY0,L AY1 AH0 N,566.0,1252.3,550.6,1220.0,544.7,1231.6,510.9,1260.5,481.2,1268.8,5,-0.735035234,-1.473582398,Y,0.13,0.725
257,SAC_Manley_Sara,OW,1,JUST,TOTALLY,OUT,585.3,1491.4,2407.0,109.3,138.4,283.9,1035.115,1035.101,1035.192,0.091,ow,stop,apical,voiceless,oral_apical,two_fol_syl,,,T,T,internal,2,JH AH0 S T,T OW1 T AH0 L IY0,AW1 T,581.7,1506.7,594.5,1411.6,587.5,1332.2,563.1,1347.5,551.4,1413.7,5,-0.593028622,-0.781495489,Y,,
258,SAC_Manley_Sara,OW,1,YEAH,TOTALLY,SP,581.9,1542.3,2718.4,74.5,114.1,268.2,3456.922,3456.909,3456.989,0.08,ow,stop,apical,voiceless,oral_apical,two_fol_syl,,,T,T,internal,2,Y AE1,T OW1 T AH0 L IY0,SP,581.8,1547.2,590.1,1514.5,589.1,1488.1,562.9,1471.3,554.9,1475.3,5,-0.618045331,-0.634162893,Y,,
259,SAC_Moreno_Gia,OW,1,COULD,TOTALLY,DO,488.7,1263.5,2838.7,276.2,449.2,879.8,2417.997,2417.972,2418.113,0.141,ow,stop,apical,voiceless,oral_apical,two_fol_syl,,,T,T,internal,2,K UH1 D,T OW1 T AH0 L IY0,D UW1,459.6,1292.6,514.4,1258.0,510.4,1140.7,501.8,1079.9,483.3,1111.8,5,-1.147370566,-1.523719805,Y,0.67,0.548
260,SAC_Moreno_Gia,OW,1,OH,TOTALLY,YOU,552.3,1198.2,2265.4,236.2,387.9,702.7,3048.245,3048.233,3048.372,0.139,ow,stop,apical,voiceless,oral_apical,two_fol_syl,,,T,T,internal,2,OW1,T OW1 T AH0 L IY0,Y AH0,545.8,1184.8,545.3,1035.0,529.6,903.4,545.5,1098.0,489.0,1043.0,6,-0.747482154,-1.68910215,Y,,
261,SAC_Mott_Carol,OW,1,SP,TOTALLY,SP,545.6,899.0,2245.7,90.8,92.2,610.2,6288.03,6287.988,6288.127,0.139,ow,stop,apical,voiceless,oral_apical,two_fol_syl,,,T,T,internal,2,SP,T OW1 T AH0 L IY0,SP,463.7,954.3,542.9,901.2,581.0,919.8,571.6,969.0,531.6,1007.9,6,-0.575050572,-2.027368245,Y,,
262,SAC_Mott_Donald,OW,1,SP,TOTALLY,SP,511.7,1095.9,2558.9,64.5,654.8,436.1,285.908,285.9,286.02,0.12,ow,stop,apical,voiceless,oral_apical,two_fol_syl,,,T,T,internal,2,SP,T OW1 T AH0 L IY0,SP,511.7,1095.9,506.3,1103.0,502.6,1234.2,456.4,1127.0,414.0,1133.0,5,-0.154694053,-1.249717047,Y,,
263,SAC_Mumma_Julie,OW,1,SP,TOTALLY,BELIEVE,474.0,1008.8,2268.7,323.7,336.2,945.1,3507.056,3507.042,3507.182,0.14,ow,stop,apical,voiceless,oral_apical,two_fol_syl,,,T,T,internal,2,SP,T OW1 T AH0 L IY0,B AH0 L IY1 V,488.9,1050.5,402.4,765.6,395.9,815.4,398.3,976.1,374.6,1123.7,6,-0.938944573,-1.800112651,Y,0.781,0.37
264,SAC_Mumma_Julie,OW,1,THAT'S,TOTALLY,SP,503.5,1158.2,2569.4,264.3,82.4,719.1,5065.456,5065.441,5065.551,0.11,ow,stop,apical,voiceless,oral_apical,two_fol_syl,,,T,T,internal,2,DH AE1 T S,T OW1 T AH0 L IY0,SP,503.6,1172.4,539.4,1105.7,499.0,1076.3,434.1,1058.4,428.5,1099.2,5,-0.753518321,-1.447657323,Y,,
265,SAC_Mumma_Julie,OW,1,BEING,TOTALLY,DIFFERENT,567.6,1021.3,3010.8,542.4,310.9,245.1,5307.365,5307.351,5307.471,0.12,ow,stop,apical,voiceless,oral_apical,two_fol_syl,,,T,T,internal,2,B IY1 IH0 NG,T OW1 T AH0 L IY0,D IH1 F R AH0 N T,576.5,1032.2,510.0,918.2,456.6,952.9,417.2,1051.2,367.3,1188.3,5,-0.350609076,-1.770623417,Y,0.612,0.394
266,SAC_ODonnell_Dan,OW,1,A,TOTALLY,DIFFERENT,584.0,1135.0,2040.3,432.1,336.2,1361.6,3337.535,3337.488,3337.649,0.161,ow,stop,apical,voiceless,oral_apical,two_fol_syl,,,T,T,internal,2,AH0,T OW1 T AH0 L IY0,D IH1 F ER0 AH0 N T,634.6,1274.5,564.1,1128.1,419.1,1007.3,364.1,895.1,324.8,995.0,6,0.266132025,-1.323324567,Y,0.612,0.394
267,SAC_ODonnell_Dan,OW,1,A,TOTALLY,SP,486.5,976.4,2466.6,336.5,661.5,471.5,3728.472,3728.462,3728.622,0.16,ow,stop,apical,voiceless,oral_apical,two_fol_syl,,,T,T,internal,2,AH0,T OW1 T AH0 L IY0,SP,410.0,814.3,429.4,771.7,432.4,584.8,413.9,608.2,396.8,657.2,5,-0.318094313,-1.795928575,Y,,
268,SAC_Palmer_Dayna,OW,1,SP,TOTALLY,SP,780.1,1306.6,3009.0,256.2,561.4,880.6,2319.584,2319.577,2319.678,0.101,ow,stop,apical,voiceless,oral_apical,two_fol_syl,,,T,T,internal,2,SP,T OW1 T AH0 L IY0,SP,780.1,1306.6,666.3,1078.8,618.1,1064.2,640.7,1175.8,614.7,1214.2,6,0.63749487,-1.227012387,Y,,
269,SAC_Palmer_Dayna,OW,1,I,TOTALLY,THINK,704.1,1299.0,2694.1,154.9,386.8,181.4,3234.931,3234.91,3235.031,0.121,ow,stop,apical,voiceless,oral_apical,two_fol_syl,,,T,T,internal,2,AY1,T OW1 T AH0 L IY0,TH IH1 NG K,766.3,1401.4,665.2,1177.0,597.3,863.7,583.8,693.2,478.8,1066.0,6,0.090939112,-1.24307408,Y,0.786,0.408
270,SAC_Pryor_Robin,OW,1,I'M,TOTALLY,SP,600.9,972.4,2553.1,136.7,115.3,148.8,1153.011,1152.958,1153.188,0.23,ow,stop,apical,voiceless,oral_apical,two_fol_syl,,,T,T,internal,2,AY1 M,T OW1 T AH0 L IY0,SP,579.2,1111.5,599.7,850.9,473.9,812.8,427.6,824.6,419.0,990.9,5,-0.47753656,-1.716702439,Y,,
271,SAC_Pryor_Robin,OW,1,SP,TOTALLY,COOL,734.6,1203.8,2193.3,202.1,202.6,431.7,1368.986,1368.969,1369.099,0.13,ow,stop,apical,voiceless,oral_apical,two_fol_syl,,,T,T,internal,2,SP,T OW1 T AH0 L IY0,K UW1 L,771.0,1260.3,666.6,1093.7,595.2,1037.9,570.1,990.1,464.1,1017.9,6,0.556636029,-1.131584921,Y,0.885,0.54
272,SAC_Pryor_Robin,OW,1,THAT,TOTALLY,BAFFLES,536.5,850.3,2336.2,155.8,191.0,721.7,1563.548,1563.513,1563.784,0.271,ow,stop,apical,voiceless,oral_apical,two_fol_syl,,,T,T,internal,2,DH AE1 T,T OW1 T AH0 L IY0,B AE1 F AH0 L Z,559.1,852.5,534.6,837.1,485.7,822.6,479.8,847.5,491.9,1099.8,6,-0.975672047,-2.025444224,Y,0.344,0.442
273,SAC_Pryor_Robin,OW,1,WILL,TOTALLY,STAND,619.4,1065.0,2155.0,129.3,188.9,1039.1,1663.147,1663.128,1663.288,0.16,ow,stop,apical,voiceless,oral_apical,two_fol_syl,,,T,T,internal,2,W AH0 L,T OW1 T AH0 L IY0,S T AE1 N D,620.3,1084.3,577.6,971.0,571.3,973.3,575.1,1007.7,538.9,1143.4,6,-0.334438632,-1.482554288,Y,0.6,0.324
274,SAC_Pryor_Robin,OW,1,WOULD,TOTALLY,TATTOO,569.9,1025.9,3646.5,215.9,186.7,1023.8,1761.237,1761.203,1761.363,0.16,ow,stop,apical,voiceless,oral_apical,two_fol_syl,,,T,T,internal,2,W UH1 D,T OW1 T AH0 L IY0,T AE0 T UW1,580.2,1215.9,605.4,990.4,595.8,982.1,610.1,1056.3,573.5,1310.6,4,-0.717322276,-1.58142246,Y,0.49,0.602
275,SAC_Pryor_Robin,OW,1,SP,TOTALLY,GAY,602.9,1059.2,2199.4,141.1,255.5,330.6,2629.239,2629.222,2629.401,0.179,ow,stop,apical,voiceless,oral_apical,two_fol_syl,,,T,T,internal,2,SP,T OW1 T AH0 L IY0,G EY1,600.9,1009.5,587.7,904.7,570.5,967.7,582.5,1071.3,538.2,1340.0,6,-0.462066513,-1.497220155,Y,,
276,SAC_Pryor_Robin,OW,1,WAS,TOTALLY,INTENTIONAL,580.1,1259.4,2108.2,135.6,161.4,976.6,2669.859,2669.827,2669.977,0.15,ow,stop,apical,voiceless,oral_apical,two_fol_syl,,,T,T,internal,2,W AH0 Z,T OW1 T AH0 L IY0,IH2 N T EH1 N SH AH0 N AH0 L,577.1,1448.0,613.8,1167.7,603.2,1072.9,550.4,1091.2,540.9,1241.3,6,-0.63842504,-0.990994887,Y,0.65,0.615
277,SAC_Pryor_Robin,OW,1,HAS,TOTALLY,SP,611.4,1296.9,2311.9,133.9,227.4,971.2,2698.181,2698.164,2698.314,0.15,ow,stop,apical,voiceless,oral_apical,two_fol_syl,,,T,T,internal,2,HH AE1 Z,T OW1 T AH0 L IY0,SP,611.7,1320.7,562.2,1113.7,526.3,1039.4,520.4,1069.8,507.7,1196.9,6,-0.396318817,-0.896172471,Y,,
278,SAC_Resnikoff_Laurie,OW,1,SP,TOTALLY,SP,729.7,1604.3,3304.3,131.8,528.7,605.9,1286.278,1286.238,1286.479,0.241,ow,stop,apical,voiceless,oral_apical,two_fol_syl,,,T,T,internal,2,SP,T OW1 T AH0 L IY0,SP,743.5,1715.0,671.1,1303.7,723.0,1233.3,598.2,1271.8,427.7,1054.1,5,0.380595054,-0.727218361,Y,,
279,SAC_Rodriguez_Danielle,OW,1,SP,TOTALLY,SP,659.7,1024.9,2479.8,133.4,377.4,303.8,864.561,864.537,864.656,0.119,ow,stop,apical,voiceless,oral_apical,two_fol_syl,,,T,T,internal,2,SP,T OW1 T AH0 L IY0,SP,762.4,1155.2,591.3,905.9,586.6,870.4,555.8,874.8,547.9,977.0,6,-0.180661052,-2.087104107,Y,,
280,SAC_Rodriguez_Mario,OW,1,SP,TOTALLY,SP,543.5,1250.3,1938.0,86.6,182.1,127.2,1342.176,1342.133,1342.403,0.27,ow,stop,apical,voiceless,oral_apical,two_fol_syl,,,T,T,internal,2,SP,T OW1 T AH0 L IY0,SP,546.4,1254.7,556.7,1200.0,488.4,978.4,404.8,848.4,506.8,1187.0,6,0.05345889,-0.988408532,Y,,
281,SAC_Rolleri_Daniel,OW,1,IT,TOTALLY,CHAINED,451.4,946.3,2291.8,80.5,78.2,342.0,2561.828,2561.82,2561.87,0.05,ow,stop,apical,voiceless,oral_apical,two_fol_syl,,,T,T,internal,2,IH1 T,T OW1 T AH0 L IY0,CH EY1 N D,451.4,946.3,451.4,946.3,448.4,924.7,443.1,913.0,443.1,913.0,5,-0.51491996,-1.685126944,Y,,
282,SAC_Sindle_Rhea,OW,1,HE,TOTALLY,SCARED,422.8,1292.5,2306.6,86.2,760.8,215.9,2602.454,2602.442,2602.492,0.05,ow,stop,apical,voiceless,oral_apical,two_fol_syl,,,T,T,internal,2,HH IY1,T OW1 T AH0 L IY0,S K EH1 R D,422.8,1292.5,422.8,1292.5,438.5,1436.4,448.3,1444.6,448.3,1444.6,6,-1.480805671,-1.429837605,Y,0.146,0.828
283,SAC_Sindle_Rhea,OW,1,THAT,TOTALLY,SP,570.9,1165.4,2456.4,218.4,212.3,331.4,3058.273,3058.256,3058.375,0.119,ow,stop,apical,voiceless,oral_apical,two_fol_syl,,,T,T,internal,2,DH AE1 T,T OW1 T AH0 L IY0,SP,566.0,1207.6,578.1,1100.5,542.5,1018.2,540.6,976.7,542.6,984.6,5,-0.468057959,-1.765781644,Y,,
284,SAC_Smith_Margie,OW,1,SP,TOTALLY,SP,363.3,925.4,2763.0,195.6,111.7,492.3,3263.625,3263.587,3263.758,0.171,ow,stop,apical,voiceless,oral_apical,two_fol_syl,,,T,T,internal,2,SP,T OW1 T AH0 L IY0,SP,378.0,960.2,426.8,902.1,460.1,932.5,415.6,878.1,377.1,1084.2,5,-1.646688801,-2.271006173,Y,,
285,SAC_Smith_Margie,OW,1,SP,TOTALLY,SP,686.8,1022.5,2501.8,230.2,484.3,391.8,3266.367,3266.359,3266.469,0.11,ow,stop,apical,voiceless,oral_apical,two_fol_syl,,,T,T,internal,2,SP,T OW1 T AH0 L IY0,SP,686.8,1022.5,668.5,998.6,563.9,1106.9,411.0,1151.8,409.6,1445.1,6,0.286613522,-2.034979262,Y,,
286,SAC_Stommel_Aidan,OW,1,SP,TOTALLY,OUT,482.8,986.1,2256.5,181.9,102.2,463.5,1159.844,1159.816,1159.906,0.09,ow,stop,apical,voiceless,oral_apical,two_fol_syl,,,T,T,internal,2,SP,T OW1 T AH0 L IY0,AW1 T,479.0,1073.2,483.4,999.0,487.2,966.3,482.8,978.4,470.4,971.2,5,-0.480381106,-1.675433481,Y,,
287,SAC_Stommel_Aidan,OW,1,JUST,TOTALLY,BY,542.3,809.0,2012.2,250.0,188.3,784.7,1166.903,1166.879,1166.978,0.099,ow,stop,apical,voiceless,oral_apical,two_fol_syl,,,T,T,internal,2,JH AH0 S T,T OW1 T AH0 L IY0,B AY1,610.8,881.6,526.0,800.9,489.9,803.7,479.1,825.6,465.3,845.7,6,0.109051326,-2.230197711,Y,,
288,SAC_Tomei_Mallory,OW,1,A,TOTALLY,DIFFERENT,557.5,977.8,2865.4,265.0,371.6,473.1,864.375,864.354,864.454,0.1,ow,stop,apical,voiceless,oral_apical,two_fol_syl,,,T,T,internal,2,AH0,T OW1 T AH0 L IY0,D IH1 F R AH0 N T,682.9,1071.6,515.2,923.5,486.6,913.6,449.3,931.2,422.6,1019.9,6,-0.481934979,-1.898162863,Y,0.612,0.394
289,SAC_Tomei_Mallory,OW,1,IS,TOTALLY,THE,488.0,1048.6,2854.3,222.9,192.7,271.1,2191.295,2191.269,2191.409,0.14,ow,stop,apical,voiceless,oral_apical,two_fol_syl,,,T,T,internal,2,AH0 Z,T OW1 T AH0 L IY0,DH AH0,352.4,1153.9,524.5,961.8,462.1,876.1,418.3,865.9,405.9,980.1,6,-0.905408477,-1.748044569,Y,,
290,SAC_Tomei_Mallory,OW,1,HE'S,TOTALLY,SP,683.1,1102.3,2831.2,132.4,107.6,422.0,2406.856,2406.838,2406.958,0.12,ow,stop,apical,voiceless,oral_apical,two_fol_syl,,,T,T,internal,2,HH IY1 Z,T OW1 T AH0 L IY0,SP,672.3,1096.8,659.4,1109.6,635.0,1115.6,571.0,1118.8,512.6,1127.8,6,0.283363888,-1.63418366,Y,,
291,SAC_Tsuchida_Amber,OW,1,I,TOTALLY,YEAH,662.5,1330.5,2646.0,267.1,247.4,260.6,75.811,75.803,75.873,0.07,ow,stop,apical,voiceless,oral_apical,two_fol_syl,,,T,T,internal,2,AY1,T OW1 T AH0 L IY0,Y AE1,662.5,1330.5,632.8,1258.9,593.1,1108.9,513.2,1002.0,502.7,992.1,6,0.261681331,-1.256814998,Y,,
292,SAC_Tsuchida_Amber,OW,1,WAS,TOTALLY,LIKE,593.2,1310.2,3003.1,158.2,247.8,794.5,660.928,660.917,661.067,0.15,ow,stop,apical,voiceless,oral_apical,two_fol_syl,,,T,T,internal,2,W AH0 Z,T OW1 T AH0 L IY0,L AY1 K,598.1,1286.4,549.3,1061.4,515.8,1036.3,514.5,1095.2,511.5,1335.3,5,-0.22078479,-1.308347329,Y,0.719,0.353
293,SAC_Tsuchida_Rick,OW,1,SP,TOTALLY,NOT,544.9,1025.1,2346.8,454.8,312.3,612.9,1368.862,1368.842,1368.933,0.091,ow,stop,apical,voiceless,oral_apical,two_fol_syl,,,T,T,internal,2,SP,T OW1 T AH0 L IY0,N AA1 T,626.4,1168.7,529.5,995.5,569.6,1002.5,556.9,976.4,551.0,965.7,5,-0.162641398,-1.81236327,Y,,
294,SAC_Tsuchida_Rick,OW,1,SP,TOTALLY,CHANGING,519.3,1181.1,2055.8,120.3,452.3,255.3,1412.459,1412.452,1412.553,0.101,ow,stop,apical,voiceless,oral_apical,two_fol_syl,,,T,T,internal,2,SP,T OW1 T AH0 L IY0,CH EY1 N JH AH0 N,519.3,1181.1,507.9,1076.8,491.8,1021.1,460.4,1015.5,469.7,968.5,6,-0.353098535,-1.29260897,Y,0.625,0.575
295,SAC_Van_Kim,OW,1,CAN,TOTALLY,TELL,722.9,1226.3,3144.1,136.9,195.1,118.3,2858.88,2858.846,2858.957,0.111,ow,stop,apical,voiceless,oral_apical,two_fol_syl,,,T,T,internal,2,K AH0 N,T OW1 T AH0 L IY0,T EH1 L,843.1,1432.7,731.1,1227.6,731.5,1201.3,738.7,1153.3,720.0,1134.6,5,-0.049678224,-1.681012475,Y,0.551,0.35
296,SAC_Vrilakis_Ron,OW,1,SP,TOTALLY,ON,514.9,1260.4,2377.6,203.9,169.6,250.1,6385.301,6385.293,6385.373,0.08,ow,stop,apical,voiceless,oral_apical,two_fol_syl,,,T,T,internal,2,SP,T OW1 T AH0 L IY0,AA1 N,514.9,1260.4,525.3,1212.9,455.8,1110.5,414.7,1069.8,418.8,1102.1,6,-0.114906226,-0.871617735,Y,,
297,SAC_Vue_Houa,OW,1,OUT,TOTALLY,SP,568.7,1308.9,1974.4,281.9,143.2,2066.1,1995.823,1995.811,1995.931,0.12,ow,stop,apical,voiceless,oral_apical,two_fol_syl,,,T,T,internal,2,AW1 T,T OW1 T AH0 L IY0,SP,568.7,1308.9,557.0,1195.8,498.7,1072.6,458.9,1109.8,455.7,1205.3,5,-0.295901901,-0.856332181,Y,,
298,SAL_Agamao_Jacob,OW,1,IS,TOTALLY,THE,542.2,1114.8,2482.3,102.3,174.8,238.1,300.618,300.61,300.67,0.06,ow,stop,apical,voiceless,oral_apical,two_fol_syl,,,T,T,internal,2,IH1 Z,T OW1 T AH0 L IY0,DH AH0,542.2,1114.8,542.5,1110.3,533.2,1053.1,527.1,1052.1,524.3,1050.8,6,0.173179863,-1.241786597,Y,,
299,SAL_Bowling_Luisa,OW,1,REALLY,TOTALLY,BUGS,488.3,1254.3,1861.6,452.9,653.1,327.0,2046.665,2046.65,2046.72,0.07,ow,stop,apical,voiceless,oral_apical,two_fol_syl,,,T,T,internal,2,R IH1 L IY0,T OW1 T AH0 L IY0,B AH1 G Z,557.5,1332.0,442.6,1195.8,461.5,845.8,568.9,789.4,580.7,796.8,6,-0.658963095,-1.252289603,Y,0.286,0.5
300,SAL_Cabrera_Adrian,OW,1,I'M,TOTALLY,COMFORTABLE,529.8,1061.6,2511.7,118.5,114.3,550.8,1033.074,1033.067,1033.127,0.06,ow,stop,apical,voiceless,oral_apical,two_fol_syl,,,T,T,internal,2,AY1 M,T OW1 T AH0 L IY0,K AH1 M F ER0 T AH0 B AH0 L,529.8,1061.6,526.6,1056.9,489.5,979.8,460.8,970.0,458.8,969.2,6,-0.555834369,-1.735532534,Y,0.927,0.163
301,SAL_Cabrera_Adrian,OW,1,,TOTALLY,ONE,639.4,1335.2,1958.7,118.5,128.9,513.0,4638.356,4638.327,4638.517,0.19,ow,stop,apical,voiceless,oral_apical,two_fol_syl,,,T,T,internal,2,SP,T OW1 T AH0 L IY0,W AH1 N,652.3,1374.1,837.0,1464.9,455.1,1181.5,485.1,1175.0,501.2,1156.5,6,0.506201731,-0.800277822,Y,0.542,0.292
302,SAL_Cardoso_Iliana,OW,1,LIKE,TOTALLY,DIFFERENT,509.8,964.4,1770.4,62.2,413.3,531.4,2545.208,2545.178,2545.298,0.12,ow,stop,apical,voiceless,oral_apical,two_fol_syl,,,T,T,internal,2,L AY1 K,T OW1 T AH0 L IY0,D IH1 F ER0 AH0 N T,510.1,1104.5,516.0,951.5,559.0,913.5,564.6,1295.7,574.6,1406.9,6,-0.681812492,-2.093482391,Y,0.612,0.394
303,SAL_Cardoso_Iliana,OW,1,IS,TOTALLY,DIFFERENT,507.7,1241.0,3135.7,146.6,109.2,785.6,3180.353,3180.345,3180.415,0.07,ow,stop,apical,voiceless,oral_apical,two_fol_syl,,,T,T,internal,2,IH1 Z,T OW1 T AH0 L IY0,D IH1 F ER0 AH0 N T,507.7,1241.0,507.1,1255.3,502.8,1268.5,485.8,1246.0,483.2,1239.2,5,-0.696912094,-1.396217516,Y,0.612,0.394
304,SAL_Dickinson_Shelley,OW,1,,TOTALLY,PERPAP,565.0,1071.0,2581.3,169.4,149.9,262.1,51.067,51.06,51.14,0.08,ow,stop,apical,voiceless,oral_apical,two_fol_syl,,,T,T,internal,2,SP,T OW1 T AH0 L IY0,P ER2 P AE0 P,565.0,1071.0,562.0,1048.0,538.2,1040.3,523.9,1081.6,526.6,1090.5,5,-0.275205803,-1.842195699,N,,
305,SAL_Escobar_Norberto,OW,1,IT'S,TOTALLY,DIFFERENT,466.8,773.1,2842.6,46.3,49.0,801.2,3001.913,3001.906,3002.036,0.13,ow,stop,apical,voiceless,oral_apical,two_fol_syl,,,T,T,internal,2,IH1 T S,T OW1 T AH0 L IY0,D IH1 F ER0 AH0 N T,466.8,773.1,459.3,736.0,459.8,745.1,464.6,756.5,452.2,747.7,5,-0.871292248,-2.247545775,Y,0.612,0.394
306,SAL_Govea_Juan,OW,1,COULD,TOTALLY,STAY,472.6,1205.1,2209.2,31.8,187.7,198.3,793.452,793.445,793.565,0.12,ow,stop,apical,voiceless,oral_apical,two_fol_syl,,,T,T,internal,2,K UH1 D,T OW1 T AH0 L IY0,S T EY1,472.6,1205.1,452.9,1120.6,435.5,989.3,434.0,1006.6,432.3,1106.5,5,-0.447474519,-1.14814826,Y,0.604,0.275
307,SAL_Govea_Juan,OW,1,IS,TOTALLY,DIFFERENT,420.9,890.0,2402.2,52.1,130.4,199.4,4006.873,4006.866,4006.966,0.1,ow,stop,apical,voiceless,oral_apical,two_fol_syl,,,T,T,internal,2,IH1 Z,T OW1 T AH0 L IY0,D IH1 F ER0 AH0 N T,420.9,890.0,408.9,875.9,406.1,909.0,399.6,986.7,388.7,1017.5,5,-0.930504399,-2.14002018,Y,0.612,0.394
308,SAL_MagdalenoOw_Idalia,OW,1,,TOTALLY,,597.0,1170.4,2741.4,107.2,293.9,292.1,3432.309,3432.302,3432.382,0.08,ow,stop,apical,voiceless,oral_apical,two_fol_syl,,,T,T,internal,2,SP,T OW1 T AH0 L IY0,SP,597.0,1170.4,587.9,1181.6,562.1,1159.4,523.2,1240.0,514.5,1262.4,5,0.018803362,-1.783146637,Y,,
309,SAL_MagdalenoOw_Idalia,OW,1,COMPLETELY,TOTALLY,AND,582.1,1377.0,2531.1,154.7,179.8,344.8,3442.016,3442.008,3442.078,0.07,ow,stop,apical,voiceless,oral_apical,two_fol_syl,,,T,T,internal,2,K AH0 M P L IY1 T L IY0,T OW1 T AH0 L IY0,AH0 N D,582.1,1377.0,579.6,1348.2,566.3,1297.3,529.7,1291.5,525.5,1291.3,5,-0.083485233,-1.237046947,Y,,
